Source,Target,Type,Id,Label,Weight
光谱,过滤,Undirected,21042,,1.0
光谱,分子,Undirected,22064,,1.0
光谱,含量,Undirected,23755,,1.0
光谱,二氧化碳,Undirected,22622,,1.0
光谱,海水,Undirected,22348,,1.0
光谱,原子,Undirected,22787,,1.0
光谱,燃烧,Undirected,23054,,1.0
光谱,气体,Undirected,23300,,1.0
光谱,周期性,Undirected,22735,,1.0
光谱,衍生物,Undirected,22123,,1.0
光谱,瑞利散射,Undirected,21567,,1.0
光谱,甲氧基,Undirected,22224,,1.0
光谱,潮解,Undirected,23144,,1.0
过滤,含量,Undirected,23414,,1.0
过滤,化学,Undirected,23522,,1.0
过滤,脂肪酸,Undirected,21821,,1.0
过滤,灵敏度,Undirected,23388,,1.0
过滤,钢铁,Undirected,21878,,1.0
过滤,橡胶,Undirected,21791,,1.0
过滤,角质,Undirected,22490,,1.0
玻璃,电脉冲,Undirected,21043,,1.0
玻璃,盐,Undirected,23013,,1.0
玻璃,水,Undirected,23395,,1.0
玻璃,组分,Undirected,22686,,1.0
玻璃,微米,Undirected,21917,,2.0
玻璃,PH,Undirected,21200,,1.0
玻璃,溶液,Undirected,22190,,1.0
玻璃,副产物,Undirected,22244,,1.0
玻璃,矿物,Undirected,22918,,1.0
玻璃,岩浆,Undirected,22186,,2.0
玻璃,丁达尔效应,Undirected,21577,,1.0
玻璃,边界层,Undirected,21875,,1.0
玻璃,螺旋哌丁苯,Undirected,22469,,1.0
玻璃,荧光屏,Undirected,23435,,1.0
电脉冲,变换器,Undirected,23595,,1.0
相互作用,精度,Undirected,21044,,2.0
相互作用,蛋白质,Undirected,21526,,5.0
相互作用,波长,Undirected,21406,,1.0
相互作用,能源,Undirected,22852,,1.0
相互作用,燃料,Undirected,23092,,1.0
相互作用,中性,Undirected,21268,,1.0
相互作用,维生素D,Undirected,23751,,1.0
相互作用,氦,Undirected,22396,,1.0
相互作用,铜,Undirected,23357,,1.0
相互作用,青霉素,Undirected,22456,,1.0
相互作用,电离层,Undirected,22931,,1.0
相互作用,疏水性,Undirected,22642,,1.0
相互作用,紫外辐射,Undirected,22662,,2.0
精度,氢,Undirected,21895,,1.0
精度,化学,Undirected,22246,,1.0
精度,氧气,Undirected,22378,,1.0
精度,腺体,Undirected,21237,,1.0
精度,气流,Undirected,22000,,2.0
分子,合成,Undirected,21045,,2.0
分子,胰岛素,Undirected,21673,,2.0
分子,氧化,Undirected,21478,,1.0
分子,氢,Undirected,23762,,1.0
分子,质子,Undirected,21484,,1.0
分子,水,Undirected,21943,,2.0
分子,DNA,Undirected,21094,,11.0
分子,液态,Undirected,21726,,1.0
分子,原子,Undirected,22461,,1.0
分子,族,Undirected,21965,,1.0
分子,液体,Undirected,22478,,1.0
分子,化学,Undirected,22341,,1.0
分子,能源,Undirected,21132,,1.0
分子,量子力学,Undirected,23629,,1.0
分子,纳米,Undirected,21831,,1.0
分子,氧气,Undirected,23299,,1.0
分子,加热,Undirected,23399,,1.0
分子,剂量,Undirected,21786,,1.0
分子,量子,Undirected,21681,,1.0
分子,胶体,Undirected,21493,,1.0
分子,降解,Undirected,23284,,2.0
分子,衍生物,Undirected,22107,,1.0
分子,发酵,Undirected,21932,,1.0
分子,溶剂,Undirected,21238,,1.0
分子,化学物质,Undirected,23437,,2.0
分子,钠,Undirected,23067,,1.0
分子,稳定剂,Undirected,21350,,1.0
分子,硅,Undirected,23715,,1.0
分子,微克,Undirected,23046,,1.0
分子,激素,Undirected,22154,,1.0
分子,深红色,Undirected,21408,,1.0
分子,化学键,Undirected,21418,,1.0
分子,红外,Undirected,21994,,2.0
分子,配位场理论,Undirected,21500,,1.0
分子,物理化学,Undirected,22668,,2.0
分子,脂,Undirected,21510,,1.0
分子,钙离子,Undirected,22353,,1.0
分子,朱砂,Undirected,21545,,1.0
分子,粘土,Undirected,23445,,1.0
分子,多态性,Undirected,22484,,1.0
分子,铝箔,Undirected,21698,,1.0
分子,废水,Undirected,22920,,1.0
分子,苯硫脲,Undirected,21986,,1.0
分子,毛地黄,Undirected,22030,,1.0
分子,生物合成,Undirected,22074,,1.0
分子,琥珀,Undirected,22601,,1.0
分子,四倍体,Undirected,22179,,1.0
分子,缩醛,Undirected,22513,,1.0
分子,碳氢化合物,Undirected,23882,,1.0
分子,空白对照,Undirected,22326,,1.0
分子,环氧树脂,Undirected,22381,,1.0
分子,间苯二胺,Undirected,22426,,1.0
分子,夸克,Undirected,22629,,1.0
分子,基本成分,Undirected,22501,,1.0
分子,胆汁酸,Undirected,22888,,1.0
分子,磷酸化,Undirected,22979,,1.0
分子,庆大霉素,Undirected,22912,,1.0
分子,磷酸酶,Undirected,22971,,1.0
分子,精液蛋白,Undirected,23274,,1.0
合成,含量,Undirected,22088,,4.0
合成,维生素,Undirected,23137,,1.0
合成,微粒体,Undirected,21051,,1.0
合成,水,Undirected,22602,,1.0
合成,二氧化碳,Undirected,23245,,1.0
合成,碱基,Undirected,21445,,1.0
合成,酸性,Undirected,22766,,1.0
合成,原子,Undirected,23806,,1.0
合成,气体,Undirected,21326,,1.0
合成,糖类,Undirected,23321,,1.0
合成,电子,Undirected,21410,,3.0
合成,剂量,Undirected,21246,,5.0
合成,金,Undirected,23585,,1.0
合成,神经递质,Undirected,21724,,2.0
合成,温室气体,Undirected,21581,,1.0
合成,摩尔,Undirected,23326,,1.0
合成,油脂,Undirected,22157,,1.0
合成,着色剂,Undirected,21969,,1.0
合成,化学能,Undirected,22761,,1.0
合成,原子序数,Undirected,21855,,1.0
合成,气相色谱,Undirected,23000,,1.0
合成,维生素D3,Undirected,22130,,1.0
合成,有机磷,Undirected,22249,,1.0
合成,燃料电池,Undirected,23466,,1.0
合成,光视蛋白,Undirected,23837,,1.0
含量,干燥,Undirected,21046,,1.0
含量,胰岛素,Undirected,22938,,1.0
含量,盐,Undirected,23557,,1.0
含量,营养,Undirected,21457,,1.0
含量,脂肪,Undirected,21119,,2.0
含量,水,Undirected,23551,,1.0
含量,乙醇,Undirected,21399,,3.0
含量,二氧化碳,Undirected,23747,,1.0
含量,分解,Undirected,23439,,2.0
含量,氯,Undirected,22492,,1.0
含量,酸性,Undirected,21678,,1.0
含量,原子,Undirected,23070,,1.0
含量,族,Undirected,21104,,1.0
含量,燃烧,Undirected,23461,,1.0
含量,气体,Undirected,22209,,3.0
含量,电子,Undirected,21562,,1.0
含量,天然,Undirected,21270,,3.0
含量,化学成分,Undirected,23798,,1.0
含量,发酵,Undirected,21655,,1.0
含量,磷,Undirected,22131,,1.0
含量,温室气体,Undirected,23587,,1.0
含量,锌,Undirected,21882,,3.0
含量,纤维素,Undirected,23469,,2.0
含量,羟色胺,Undirected,22075,,1.0
含量,挥发物,Undirected,23056,,1.0
含量,甲状腺激素,Undirected,21803,,1.0
含量,月球化学,Undirected,21775,,1.0
含量,化学活性,Undirected,21873,,1.0
含量,吡嗪,Undirected,22146,,1.0
含量,胶原蛋白,Undirected,22124,,1.0
含量,试纸,Undirected,23793,,1.0
含量,检测限,Undirected,22191,,1.0
含量,色谱分析,Undirected,22411,,1.0
含量,乳化,Undirected,23278,,1.0
含量,甜菜糖,Undirected,22589,,1.0
含量,生物燃料电池,Undirected,22706,,1.0
含量,酶活性,Undirected,22724,,1.0
含量,煤气炉,Undirected,22964,,1.0
干燥,营养,Undirected,22657,,1.0
干燥,蛋白质,Undirected,22395,,1.0
干燥,水,Undirected,22245,,1.0
干燥,糖,Undirected,22079,,1.0
干燥,钍,Undirected,21111,,1.0
干燥,能量,Undirected,22764,,1.0
干燥,燃料,Undirected,21323,,1.0
干燥,晶体,Undirected,23480,,2.0
干燥,胶体,Undirected,21170,,1.0
干燥,碳,Undirected,21631,,1.0
干燥,胶质,Undirected,21521,,1.0
干燥,腐蚀,Undirected,23416,,1.0
干燥,草木灰,Undirected,23289,,1.0
干燥,吸附能力,Undirected,23471,,1.0
乙醚,山道年,Undirected,21047,,1.0
乙醚,反应式,Undirected,23686,,1.0
山道年,水分,Undirected,21108,,1.0
胰岛素,维生素,Undirected,21048,,1.0
胰岛素,脂肪,Undirected,21390,,1.0
胰岛素,乙醇,Undirected,21515,,1.0
胰岛素,碱基,Undirected,22839,,1.0
胰岛素,食用油,Undirected,22333,,1.0
胰岛素,线粒体,Undirected,22960,,1.0
胰岛素,全合成,Undirected,21501,,1.0
胰岛素,脂质,Undirected,22955,,1.0
胰岛素,肽链,Undirected,23290,,1.0
胰岛素,氯四环素,Undirected,22921,,1.0
维生素,分子,Undirected,23643,,1.0
维生素,含量,Undirected,21197,,1.0
维生素,蛋白质,Undirected,23163,,1.0
维生素,糖,Undirected,23510,,1.0
维生素,矿物质,Undirected,23769,,1.0
维生素,淀粉,Undirected,21677,,1.0
维生素,油脂,Undirected,23556,,1.0
盐,血糖,Undirected,21049,,1.0
盐,糖,Undirected,23157,,1.0
盐,防腐剂,Undirected,23071,,1.0
盐,白糖,Undirected,21193,,1.0
盐,反应式,Undirected,22574,,1.0
盐,营养物质,Undirected,21816,,2.0
盐,食品添加剂,Undirected,22875,,1.0
盐,酸,Undirected,22729,,1.0
盐,灵敏度,Undirected,23240,,1.0
盐,铕,Undirected,21777,,1.0
血糖,营养,Undirected,22940,,2.0
血糖,蛋白质,Undirected,21670,,1.0
血糖,脂肪,Undirected,21785,,2.0
血糖,脱水,Undirected,22720,,1.0
血糖,矿物质,Undirected,22975,,1.0
血糖,多糖,Undirected,21533,,1.0
血糖,耗热量,Undirected,22891,,1.0
营养,相互作用,Undirected,22076,,2.0
营养,合成,Undirected,23361,,1.0
营养,蛋白质,Undirected,21050,,2.0
营养,特异性,Undirected,23201,,1.0
营养,糖,Undirected,21280,,2.0
营养,提纯,Undirected,23116,,1.0
营养,液态,Undirected,22042,,1.0
营养,水分,Undirected,23552,,1.0
营养,矿物质,Undirected,23489,,3.0
营养,太阳能,Undirected,21676,,1.0
营养,链霉素,Undirected,22028,,1.0
营养,制备,Undirected,22908,,1.0
营养,维生素C,Undirected,21199,,1.0
营养,钙,Undirected,22869,,1.0
营养,食用油,Undirected,21817,,1.0
营养,酸,Undirected,23507,,1.0
营养,多巴胺,Undirected,23130,,1.0
营养,线粒体,Undirected,23843,,1.0
营养,前体,Undirected,23584,,1.0
营养,脂蛋白,Undirected,23879,,1.0
营养,纳米材料,Undirected,23261,,1.0
营养,过滤器,Undirected,21662,,1.0
营养,冶炼,Undirected,22182,,1.0
营养,甲醛,Undirected,23050,,1.0
营养,卵黄,Undirected,22648,,1.0
营养,酶活性,Undirected,23540,,1.0
营养,营养素,Undirected,23241,,1.0
营养,分子骨架,Undirected,23847,,1.0
营养,分子演化,Undirected,23889,,1.0
蛋白质,精度,Undirected,22619,,1.0
蛋白质,分子,Undirected,21185,,4.0
蛋白质,合成,Undirected,23827,,1.0
蛋白质,铁,Undirected,23619,,3.0
蛋白质,提纯,Undirected,23810,,1.0
蛋白质,氧气,Undirected,23705,,1.0
蛋白质,制备,Undirected,21552,,1.0
蛋白质,逆转录酶,Undirected,21176,,1.0
蛋白质,多酚,Undirected,23362,,1.0
蛋白质,淀粉,Undirected,23488,,1.0
蛋白质,发酵,Undirected,22886,,1.0
蛋白质,氨基酸,Undirected,21941,,2.0
蛋白质,同位素,Undirected,22128,,1.0
蛋白质,镁,Undirected,22897,,1.0
蛋白质,油脂,Undirected,21411,,1.0
蛋白质,吞噬作用,Undirected,21431,,1.0
蛋白质,橡胶,Undirected,22409,,1.0
蛋白质,香豆素,Undirected,22033,,1.0
蛋白质,吡嗪,Undirected,22013,,1.0
蛋白质,热传导,Undirected,23865,,1.0
蛋白质,递质,Undirected,22399,,1.0
蛋白质,磁铁,Undirected,23429,,1.0
蛋白质,碳源,Undirected,22695,,1.0
葡萄糖,胰岛素,Undirected,22257,,2.0
葡萄糖,氧化,Undirected,21052,,3.0
葡萄糖,钠,Undirected,21345,,1.0
葡萄糖,激素,Undirected,22936,,1.0
氧化,核苷酸,Undirected,22009,,1.0
氧化,化学,Undirected,22739,,1.0
氧化,热量,Undirected,23379,,1.0
氧化,降解,Undirected,23173,,1.0
氧化,多酚类,Undirected,21195,,1.0
氧化,丙三醇,Undirected,23175,,1.0
氧化,食用油,Undirected,23042,,1.0
氧化,化学物质,Undirected,22491,,1.0
氧化,动力学,Undirected,21303,,1.0
氧化,激素,Undirected,21663,,1.0
氧化,石油,Undirected,22421,,1.0
氧化,价态,Undirected,23097,,1.0
氧化,高锰酸钾,Undirected,23221,,1.0
氢,活性氧,Undirected,21053,,1.0
氢,DNA,Undirected,22786,,1.0
氢,氧,Undirected,22872,,2.0
氢,化学,Undirected,22474,,1.0
氢,无机物,Undirected,21860,,1.0
氢,中微子,Undirected,21380,,1.0
氢,硅,Undirected,21361,,1.0
氢,电子传递链,Undirected,22693,,1.0
质子,低血糖,Undirected,21054,,1.0
质子,氯,Undirected,21696,,1.0
质子,电子,Undirected,21404,,1.0
质子,碳,Undirected,23713,,1.0
脂肪,玻璃,Undirected,23409,,1.0
脂肪,干燥,Undirected,21274,,1.0
脂肪,盐,Undirected,23161,,1.0
脂肪,营养,Undirected,21401,,1.0
脂肪,蛋白质,Undirected,23113,,1.0
脂肪,乙酸,Undirected,21055,,2.0
脂肪,分解,Undirected,21661,,1.0
脂肪,饱和脂肪酸,Undirected,23041,,1.0
脂肪,细胞膜,Undirected,22837,,1.0
脂肪,成分,Undirected,23079,,1.0
脂肪,能量,Undirected,22084,,1.0
脂肪,热量,Undirected,22089,,1.0
脂肪,加热,Undirected,22336,,1.0
脂肪,金,Undirected,23588,,1.0
脂肪,植物油,Undirected,22024,,1.0
脂肪,过敏反应,Undirected,22419,,1.0
脂肪,乳脂,Undirected,21806,,1.0
脂肪,表面活性剂,Undirected,22796,,2.0
脂肪,粉尘,Undirected,23312,,1.0
脂肪,锰,Undirected,23365,,1.0
乙酸,溶液,Undirected,22767,,1.0
乙酸,营养物质,Undirected,21400,,1.0
乙酸,碳,Undirected,23098,,1.0
乙酸,乙基,Undirected,23730,,1.0
醛脱氢酶,水,Undirected,21056,,1.0
水,相互作用,Undirected,21381,,2.0
水,营养,Undirected,21747,,4.0
水,铁,Undirected,21588,,1.0
水,荧光,Undirected,21498,,3.0
水,水分,Undirected,22168,,3.0
水,化学,Undirected,21117,,2.0
水,能量,Undirected,22681,,1.0
水,化学成分,Undirected,21130,,3.0
水,气态,Undirected,22286,,1.0
水,太阳辐射,Undirected,22970,,1.0
水,有机体,Undirected,23247,,1.0
水,X射线,Undirected,22118,,1.0
水,蔗糖,Undirected,23731,,1.0
水,固态,Undirected,22313,,1.0
水,蚁酸,Undirected,23607,,1.0
水,矿物,Undirected,22050,,3.0
水,化学反应,Undirected,23205,,1.0
水,表面张力,Undirected,21338,,1.0
水,固体,Undirected,22196,,3.0
水,粘液,Undirected,21947,,1.0
水,乳脂,Undirected,21532,,1.0
水,光漂白,Undirected,21543,,1.0
水,绝对零度,Undirected,21717,,1.0
水,半导体,Undirected,22476,,1.0
水,促肾上腺皮质激素,Undirected,21669,,1.0
水,银,Undirected,22134,,1.0
水,砷,Undirected,21886,,1.0
水,洗脱,Undirected,21930,,1.0
水,软水,Undirected,22896,,1.0
水,偏酸,Undirected,22103,,1.0
水,磁铁,Undirected,22508,,1.0
水,卵磷脂,Undirected,22543,,1.0
水,复分解反应,Undirected,22568,,1.0
水,精密仪器,Undirected,22609,,1.0
水,氧化膜,Undirected,23218,,1.0
水,三碘化氮,Undirected,22816,,1.0
水,核燃料,Undirected,22959,,1.0
水,丁烷,Undirected,23153,,1.0
水,剩磁,Undirected,23428,,1.0
水,角动量,Undirected,23546,,1.0
水,绒毛膜促性腺激素,Undirected,23644,,1.0
水,发泡剂,Undirected,23679,,1.0
水,蓝藻门,Undirected,23849,,1.0
水,八面体,Undirected,23887,,1.0
化工厂,营养,Undirected,21463,,1.0
化工厂,醋,Undirected,21057,,1.0
醋,剂量,Undirected,21976,,1.0
烟酰胺,蛋白质,Undirected,21058,,1.0
腺嘌呤,乙醇,Undirected,21059,,1.0
腺嘌呤,基团,Undirected,21181,,1.0
乙醇,盐,Undirected,22799,,1.0
乙醇,营养,Undirected,23529,,1.0
乙醇,原子,Undirected,21702,,2.0
乙醇,金,Undirected,21231,,1.0
乙醇,水溶液,Undirected,22515,,1.0
乙醇,乙酰胆碱,Undirected,21259,,1.0
乙醇,钙,Undirected,21289,,1.0
乙醇,多巴胺,Undirected,21836,,1.0
乙醇,测量精度,Undirected,22911,,1.0
乙醇,荷尔蒙,Undirected,21954,,1.0
乙醇,模型研究,Undirected,22773,,1.0
乙醇,淀粉分解,Undirected,23703,,1.0
氧化能力,二核苷酸,Undirected,21060,,1.0
乳酸,脱氢酶,Undirected,21061,,1.0
乳酸,RNA,Undirected,23339,,1.0
乳酸,糖酵解,Undirected,22848,,1.0
二氧化碳,蛋白质,Undirected,21465,,1.0
二氧化碳,水,Undirected,23765,,1.0
二氧化碳,分解,Undirected,21062,,1.0
二氧化碳,燃烧,Undirected,21219,,1.0
二氧化碳,电子,Undirected,21995,,1.0
二氧化碳,单体,Undirected,21446,,1.0
二氧化碳,化学物质,Undirected,22272,,1.0
二氧化碳,沉积作用,Undirected,21314,,1.0
二氧化碳,一氧化碳,Undirected,22932,,1.0
二氧化碳,理论化学,Undirected,21421,,1.0
二氧化碳,氢气,Undirected,22206,,1.0
二氧化碳,杂质,Undirected,23462,,1.0
二氧化碳,气溶胶,Undirected,21591,,1.0
二氧化碳,酸度,Undirected,23088,,1.0
二氧化碳,氮化物,Undirected,21912,,1.0
二氧化碳,浮选法,Undirected,23325,,1.0
分解,血糖,Undirected,22337,,1.0
分解,水,Undirected,22500,,2.0
分解,DNA,Undirected,23200,,1.0
分解,酶,Undirected,22083,,3.0
分解,腐蚀性,Undirected,22829,,1.0
分解,成分,Undirected,21531,,2.0
分解,叶绿素,Undirected,23848,,1.0
分解,化学,Undirected,23675,,1.0
分解,燃烧,Undirected,22045,,1.0
分解,气体,Undirected,23844,,1.0
分解,自旋,Undirected,21125,,1.0
分解,色素,Undirected,21940,,1.0
分解,淀粉,Undirected,22855,,1.0
分解,碱性,Undirected,21578,,1.0
分解,磷,Undirected,22880,,1.0
分解,甜味剂,Undirected,21356,,1.0
分解,激酶,Undirected,23304,,1.0
分解,阳离子,Undirected,23117,,1.0
分解,分解代谢,Undirected,22159,,1.0
分解,溴百里酚蓝,Undirected,23229,,1.0
分解,糖酶,Undirected,23341,,1.0
化学性质,基团,Undirected,21063,,1.0
化学性质,催化,Undirected,23209,,1.0
化学性质,天然,Undirected,21764,,1.0
化学性质,硫酸根,Undirected,21247,,1.0
化学性质,化学能,Undirected,21599,,1.0
催化,半胱氨酸,Undirected,21064,,1.0
催化,X射线,Undirected,21413,,1.0
催化,甲醇,Undirected,22221,,1.0
催化,中子,Undirected,21300,,1.0
催化,游离,Undirected,21924,,1.0
催化,核酸,Undirected,22842,,1.0
催化,还原反应,Undirected,22707,,1.0
鸟嘌呤,残基,Undirected,21065,,1.0
脱甲基化,酶促反应,Undirected,21066,,1.0
酶促反应,试剂,Undirected,22689,,1.0
特异性,蛋白质,Undirected,23084,,1.0
特异性,氧化,Undirected,21067,,1.0
特异性,RNA,Undirected,22973,,1.0
特异性,电子,Undirected,21556,,1.0
特异性,氨基酸,Undirected,22451,,1.0
特异性,钼,Undirected,21536,,1.0
特异性,左旋多巴,Undirected,23310,,1.0
特异性,总生物碱,Undirected,22037,,1.0
核苷酸,碱基,Undirected,21068,,1.0
核苷酸,RNA,Undirected,21293,,1.0
核苷酸,制备,Undirected,21317,,1.0
碱基,转录,Undirected,21294,,1.0
碱基,有机体,Undirected,21184,,1.0
碱基,氨基乙烷,Undirected,22225,,1.0
核酸外切酶,脱氨基,Undirected,21069,,1.0
辅基,甲基转移酶,Undirected,21070,,1.0
核酸内切酶,蛋白质,Undirected,21071,,1.0
铁,含量,Undirected,23576,,1.0
铁,腺嘌呤,Undirected,21072,,1.0
铁,微米,Undirected,22344,,1.0
铁,聚合,Undirected,23666,,1.0
铁,抗氧化,Undirected,21688,,1.0
铁,铀,Undirected,21309,,1.0
铁,食品添加剂,Undirected,21742,,1.0
铁,硅,Undirected,21634,,2.0
铁,铂,Undirected,23857,,1.0
铁,水泥,Undirected,22153,,1.0
铁,橡胶,Undirected,22771,,1.0
铁,钇,Undirected,21762,,1.0
铁,氦气,Undirected,22605,,1.0
铁,异硫氰酸盐,Undirected,23114,,1.0
嘌呤,DNA,Undirected,21073,,1.0
嘌呤,次黄嘌呤,Undirected,21967,,1.0
嘌呤,吡嗪,Undirected,23313,,1.0
DNA,过滤,Undirected,21112,,1.0
DNA,含量,Undirected,23167,,1.0
DNA,蛋白质,Undirected,21087,,2.0
DNA,二氧化碳,Undirected,21674,,1.0
DNA,碱基,Undirected,21083,,1.0
DNA,RNA,Undirected,21712,,2.0
DNA,组分,Undirected,23335,,1.0
DNA,氧,Undirected,22950,,1.0
DNA,化学,Undirected,21913,,2.0
DNA,能源,Undirected,22654,,1.0
DNA,电子,Undirected,21719,,2.0
DNA,化学成分,Undirected,23888,,1.0
DNA,取样,Undirected,21424,,1.0
DNA,制备,Undirected,21174,,1.0
DNA,降解,Undirected,22354,,2.0
DNA,神经递质,Undirected,22468,,1.0
DNA,结构分析,Undirected,21286,,1.0
DNA,试剂,Undirected,22854,,1.0
DNA,放射性,Undirected,21711,,1.0
DNA,寡糖,Undirected,23251,,1.0
DNA,能量代谢,Undirected,21948,,1.0
DNA,水晶,Undirected,21409,,1.0
DNA,叶绿体,Undirected,23262,,1.0
DNA,激酶,Undirected,22980,,1.0
DNA,化学方程式,Undirected,21468,,1.0
DNA,单倍体,Undirected,21796,,1.0
DNA,氢化物,Undirected,21867,,1.0
DNA,液相色谱,Undirected,21922,,1.0
DNA,作用机理,Undirected,22248,,1.0
DNA,乳糖,Undirected,22029,,1.0
DNA,断层扫描,Undirected,22122,,1.0
DNA,硫化氢,Undirected,22212,,1.0
DNA,耐甲氧西林,Undirected,22922,,2.0
DNA,陶器,Undirected,23625,,1.0
DNA,氧化产物,Undirected,23047,,1.0
DNA,硅基,Undirected,23123,,1.0
烷基化,同系物,Undirected,21074,,1.0
甲基化,糖,Undirected,21075,,1.0
甲基化,双螺旋,Undirected,21188,,1.0
甲基化,结合蛋白,Undirected,22398,,1.0
糖,含量,Undirected,21341,,3.0
糖,蛋白质,Undirected,21748,,1.0
糖,汞,Undirected,23646,,1.0
糖,水分,Undirected,21525,,1.0
糖,能量,Undirected,21402,,3.0
糖,热量,Undirected,23160,,1.0
糖,天然,Undirected,23073,,1.0
糖,加热,Undirected,22233,,1.0
糖,剂量,Undirected,22258,,1.0
糖,化学家,Undirected,21261,,1.0
糖,甜味剂,Undirected,22941,,1.0
糖,室温,Undirected,23867,,1.0
糖,浓硫酸,Undirected,23669,,1.0
转录,合成,Undirected,22413,,1.0
转录,营养,Undirected,22843,,1.0
转录,提纯,Undirected,21076,,1.0
转录,叶绿素,Undirected,22754,,1.0
提纯,中性,Undirected,23029,,1.0
脱氧核糖核苷酸,复合物,Undirected,21077,,1.0
复合物,RNA,Undirected,21282,,1.0
复合物,免疫原性,Undirected,23381,,1.0
RNA,甲基,Undirected,21078,,1.0
RNA,酶,Undirected,21175,,1.0
RNA,能量,Undirected,21449,,1.0
RNA,淀粉,Undirected,23702,,1.0
RNA,副产物,Undirected,22636,,1.0
RNA,脂肪酸,Undirected,22152,,1.0
RNA,嵌合体,Undirected,22674,,1.0
RNA,甲硫醇,Undirected,22211,,1.0
RNA,结合蛋白,Undirected,22242,,1.0
甲基,分解,Undirected,22673,,1.0
甲基,特异性,Undirected,23598,,1.0
甲基,甲基化,Undirected,21949,,1.0
甲基,气相色谱,Undirected,22110,,1.0
甲基,反应速度,Undirected,22237,,1.0
糖基化,磷酸三酯,Undirected,21079,,1.0
双加氧酶,酶,Undirected,21080,,1.0
酶,相互作用,Undirected,23406,,1.0
酶,糖基化,Undirected,21192,,1.0
酶,水解,Undirected,22726,,1.0
酶,能量,Undirected,21732,,2.0
酶,太阳能,Undirected,22709,,1.0
酶,化学家,Undirected,21320,,1.0
酶,腺体,Undirected,22760,,1.0
酶,酸,Undirected,23821,,1.0
酶,粘液,Undirected,23499,,1.0
酶,重金属,Undirected,22903,,1.0
酶,多糖,Undirected,23255,,1.0
酶,螺旋体,Undirected,21558,,1.0
酶,促肾上腺皮质激素,Undirected,22373,,1.0
酶,溶菌酶,Undirected,22359,,1.0
酶,复合体,Undirected,21915,,1.0
酶,金属蛋白酶,Undirected,22925,,1.0
酶,孕激素,Undirected,23063,,1.0
嘧啶残基,尿嘧啶,Undirected,21081,,1.0
水解,切除修复,Undirected,21082,,1.0
水解,脂肪酸,Undirected,21359,,1.0
切除修复,蛋白质,Undirected,21321,,1.0
切除修复,试剂,Undirected,21296,,1.0
双螺旋,神经胶质,Undirected,21084,,1.0
神经胶质,转分化,Undirected,23761,,1.0
荧光,蛋白质,Undirected,21085,,5.0
荧光,固体,Undirected,23594,,1.0
荧光,非金属元素,Undirected,23811,,1.0
组分,RNA,Undirected,21086,,1.0
组分,动力学,Undirected,22675,,1.0
组分,铌,Undirected,21900,,1.0
水化,盐浓度,Undirected,21088,,1.0
水蒸汽,海水,Undirected,21089,,1.0
水蒸汽,气流,Undirected,21595,,1.0
海水,水,Undirected,23750,,2.0
海水,天然,Undirected,21455,,1.0
海水,副产物,Undirected,23410,,1.0
海水,氨基酸,Undirected,21729,,1.0
海水,核反应,Undirected,23032,,1.0
海水,灵敏度,Undirected,21794,,1.0
海水,熔岩,Undirected,21582,,1.0
海水,气流,Undirected,23767,,1.0
海水,当量,Undirected,23545,,1.0
液态,相互作用,Undirected,23057,,1.0
液态,饱和脂肪酸,Undirected,21090,,1.0
液态,能量,Undirected,21824,,2.0
液态,钠,Undirected,21474,,1.0
液态,橡胶,Undirected,21692,,1.0
化学化石,氧,Undirected,21091,,1.0
氧,光谱,Undirected,23854,,1.0
氧,液体,Undirected,22651,,1.0
氧,叶绿体,Undirected,22495,,1.0
氧,熔化,Undirected,22379,,1.0
氧,辉石,Undirected,22302,,1.0
氧,连续反应,Undirected,22284,,1.0
氯,玻璃,Undirected,22680,,1.0
氯,水,Undirected,21092,,1.0
氯,氮,Undirected,22422,,1.0
氯,激酶,Undirected,22895,,1.0
细胞膜,分子,Undirected,23608,,1.0
细胞膜,蛋白质,Undirected,21093,,1.0
细胞膜,DNA,Undirected,21730,,1.0
细胞膜,氮气,Undirected,23834,,1.0
细胞膜,免疫荧光,Undirected,22400,,1.0
细胞膜,乙烷,Undirected,22477,,1.0
不饱和脂肪酸,含量,Undirected,22625,,1.0
不饱和脂肪酸,酶,Undirected,21095,,1.0
不饱和脂肪酸,动物油,Undirected,23048,,1.0
不饱和脂肪酸,叶黄素,Undirected,23634,,1.0
酸性,盐,Undirected,21523,,1.0
酸性,乙醇,Undirected,22270,,1.0
酸性,高氯酸,Undirected,21096,,1.0
酸性,中性,Undirected,23718,,1.0
酸性,营养物质,Undirected,23115,,1.0
原子,过滤,Undirected,23121,,1.0
原子,玻璃,Undirected,22055,,1.0
原子,盐,Undirected,21097,,1.0
原子,波长,Undirected,21419,,1.0
原子,爱因斯坦,Undirected,22443,,1.0
原子,核能,Undirected,23027,,1.0
原子,金,Undirected,21571,,2.0
原子,甲烷,Undirected,21311,,1.0
原子,铝,Undirected,21614,,1.0
原子,铱,Undirected,21370,,1.0
原子,普朗克常数,Undirected,23631,,1.0
原子,重水,Undirected,22390,,1.0
原子,硬度,Undirected,22535,,1.0
原子,实验设计,Undirected,22732,,1.0
原子,氯化钴,Undirected,22573,,1.0
原子,分析法,Undirected,23239,,1.0
转运蛋白,汞,Undirected,21098,,1.0
汞,水,Undirected,22865,,1.0
汞,太阳辐射,Undirected,23782,,1.0
脱水,抗冻蛋白,Undirected,21099,,1.0
脱水,液体,Undirected,23401,,1.0
脱水,矿物油,Undirected,21520,,1.0
脱水,通透性,Undirected,23831,,1.0
高氯酸盐,腐蚀性,Undirected,21100,,1.0
高氯酸盐,脂肪酸,Undirected,21820,,1.0
腐蚀性,碱性,Undirected,21221,,1.0
腐蚀性,熏蒸,Undirected,22174,,1.0
腐蚀性,自燃,Undirected,23459,,1.0
石棉,乙醇,Undirected,21101,,1.0
侧柏酮,DNA,Undirected,21102,,1.0
羊毛,合成,Undirected,21103,,1.0
羊毛,酸性,Undirected,22428,,1.0
族,玻璃,Undirected,23193,,1.0
族,周期性,Undirected,22633,,1.0
萃取,盐,Undirected,21105,,1.0
萃取,聚氨酯,Undirected,23673,,1.0
添加剂,光合作用,Undirected,21106,,1.0
添加剂,化学反应,Undirected,23003,,1.0
光合作用,合成,Undirected,21923,,1.0
光合作用,DNA,Undirected,21443,,2.0
光合作用,化学,Undirected,21126,,1.0
光合作用,粒子,Undirected,22962,,1.0
光合作用,大分子,Undirected,21152,,1.0
光合作用,乙炔,Undirected,23249,,1.0
成分,营养,Undirected,21107,,2.0
成分,醛脱氢酶,Undirected,23526,,1.0
成分,水,Undirected,21145,,15.0
成分,DNA,Undirected,22423,,1.0
成分,糖,Undirected,23268,,1.0
成分,荧光,Undirected,21897,,1.0
成分,族,Undirected,22856,,1.0
成分,气体,Undirected,22078,,1.0
成分,有机分子,Undirected,23283,,1.0
成分,挥发,Undirected,21328,,1.0
成分,多酚,Undirected,22372,,1.0
成分,副产物,Undirected,21233,,1.0
成分,化学合成,Undirected,23072,,1.0
成分,陶瓷,Undirected,22615,,1.0
成分,乙二醇二硬脂酸酯,Undirected,21974,,1.0
成分,脑脊液,Undirected,22097,,1.0
成分,有毒化学品,Undirected,22166,,1.0
成分,催化分解,Undirected,22687,,1.0
成分,安乃近,Undirected,23568,,1.0
水分,精度,Undirected,23235,,1.0
水分,干燥,Undirected,22044,,1.0
水分,维生素,Undirected,23486,,1.0
水分,RNA,Undirected,22756,,1.0
水分,成分,Undirected,21946,,1.0
水分,能量,Undirected,23864,,1.0
水分,能源,Undirected,22653,,1.0
水分,化学家,Undirected,23809,,1.0
水分,沉淀,Undirected,23142,,1.0
水分,食用油,Undirected,21272,,1.0
水分,温室气体,Undirected,23803,,1.0
水分,钠,Undirected,22541,,1.0
水分,脂蛋白,Undirected,21441,,1.0
水分,漂白粉,Undirected,22175,,1.0
水分,甲醛,Undirected,23604,,1.0
水分,碳氢化合物,Undirected,23248,,1.0
水分,连锁反应,Undirected,22297,,1.0
水分,糊化,Undirected,23520,,1.0
水分,相对湿度,Undirected,23548,,1.0
水分,保护剂,Undirected,23358,,1.0
叶绿素,醋,Undirected,21109,,1.0
液体,光谱,Undirected,23591,,1.0
液体,含量,Undirected,23515,,1.0
液体,蛋白质,Undirected,23418,,1.0
液体,液态,Undirected,22951,,1.0
液体,酸性,Undirected,21258,,1.0
液体,水分,Undirected,22518,,1.0
液体,气体,Undirected,22679,,2.0
液体,电子,Undirected,22607,,1.0
液体,剂量,Undirected,22986,,1.0
液体,晶体,Undirected,22195,,2.0
液体,引发剂,Undirected,21168,,2.0
液体,沉淀,Undirected,21665,,1.0
液体,丙三醇,Undirected,23207,,1.0
液体,构象,Undirected,23296,,1.0
液体,培养基,Undirected,23504,,1.0
液体,杂质,Undirected,22943,,1.0
液体,氧化还原反应,Undirected,23087,,1.0
液体,汽油,Undirected,21852,,1.0
液体,酸度,Undirected,23156,,1.0
液体,铊,Undirected,21701,,1.0
液体,胶原蛋白,Undirected,22070,,1.0
液体,氢键,Undirected,23717,,1.0
液体,孔隙率,Undirected,22586,,1.0
液体,化学分析,Undirected,22758,,1.0
液体,活度系数,Undirected,23099,,1.0
液体,高锰酸钾,Undirected,23683,,1.0
液体,二硝基苯,Undirected,23455,,1.0
液体,尿色素,Undirected,23600,,1.0
液体,漆酚,Undirected,23610,,1.0
液体,色蛋白,Undirected,23836,,1.0
化学,合成,Undirected,22833,,1.0
化学,维生素,Undirected,21273,,1.0
化学,质子,Undirected,21305,,1.0
化学,复合物,Undirected,21843,,2.0
化学,氧,Undirected,23794,,1.0
化学,液体,Undirected,22389,,4.0
化学,气体,Undirected,23474,,1.0
化学,纳米,Undirected,21415,,7.0
化学,天然,Undirected,23842,,1.0
化学,抗生素,Undirected,22913,,1.0
化学,降解,Undirected,22587,,1.0
化学,咖啡因,Undirected,22972,,1.0
化学,信息素,Undirected,21234,,1.0
化学,碱中毒,Undirected,21252,,1.0
化学,有机物,Undirected,22108,,1.0
化学,氦,Undirected,21362,,1.0
化学,合金,Undirected,23661,,1.0
化学,多巴胺,Undirected,23272,,1.0
化学,水晶,Undirected,23192,,1.0
化学,油脂,Undirected,22092,,1.0
化学,微管蛋白,Undirected,21427,,1.0
化学,钨,Undirected,21475,,1.0
化学,波尔,Undirected,21658,,1.0
化学,氩,Undirected,21769,,1.0
化学,气相色谱,Undirected,22327,,2.0
化学,甲氧基,Undirected,23002,,1.0
化学,多酚氧化酶,Undirected,22171,,1.0
化学,过氧化物酶,Undirected,23196,,1.0
化学,荧光素,Undirected,22597,,1.0
化学,拉德,Undirected,23043,,1.0
化学,二聚体,Undirected,23112,,1.0
化学,生物化学反应,Undirected,23257,,1.0
化学,安瓿,Undirected,23503,,1.0
化学,协同作用,Undirected,23742,,1.0
化学,再吸收,Undirected,23746,,1.0
燃烧,脂肪,Undirected,22890,,1.0
燃烧,气体,Undirected,21110,,4.0
燃烧,能量,Undirected,23242,,1.0
燃烧,燃料,Undirected,23204,,1.0
燃烧,固态,Undirected,21874,,1.0
燃烧,中性,Undirected,21640,,1.0
燃烧,核聚变,Undirected,22632,,1.0
燃烧,天然气,Undirected,23784,,1.0
燃烧,铬,Undirected,22581,,1.0
燃烧,二甲苯,Undirected,22715,,1.0
气体,玻璃,Undirected,21644,,2.0
气体,精度,Undirected,21422,,1.0
气体,水,Undirected,23770,,1.0
气体,催化,Undirected,23671,,2.0
气体,水解,Undirected,23492,,1.0
气体,天然,Undirected,21128,,2.0
气体,加热,Undirected,21758,,6.0
气体,太阳能,Undirected,21993,,1.0
气体,通风橱,Undirected,21220,,1.0
气体,固态,Undirected,22367,,1.0
气体,甲醇,Undirected,22612,,1.0
气体,氨气,Undirected,22623,,1.0
气体,氮,Undirected,21962,,1.0
气体,地球化学,Undirected,22185,,1.0
气体,氢气,Undirected,22827,,1.0
气体,二氧化硫,Undirected,22965,,1.0
气体,天然气,Undirected,22275,,1.0
气体,银,Undirected,23579,,1.0
气体,断层扫描,Undirected,23093,,1.0
气体,理想气体,Undirected,22203,,1.0
气体,甲醛,Undirected,22342,,1.0
气体,腐蚀,Undirected,23458,,1.0
钍,核聚变,Undirected,23772,,1.0
荧光材料,防腐剂,Undirected,21113,,1.0
防腐剂,成分,Undirected,23347,,1.0
防腐剂,能量,Undirected,23442,,1.0
防腐剂,色素,Undirected,21746,,1.0
能量,营养,Undirected,21800,,1.0
能量,蛋白质,Undirected,21950,,3.0
能量,分解,Undirected,21837,,1.0
能量,DNA,Undirected,22085,,1.0
能量,海水,Undirected,22162,,2.0
能量,成分,Undirected,22102,,1.0
能量,能源,Undirected,22486,,1.0
能量,糖类,Undirected,23343,,1.0
能量,电子,Undirected,23636,,1.0
能量,天然,Undirected,23166,,1.0
能量,氧气,Undirected,22592,,1.0
能量,加热,Undirected,21136,,3.0
能量,红外光谱,Undirected,22728,,1.0
能量,放电,Undirected,21499,,1.0
能量,微米,Undirected,22169,,2.0
能量,量子,Undirected,21388,,2.0
能量,咖啡因,Undirected,21194,,1.0
能量,胆固醇,Undirected,22906,,2.0
能量,维生素C,Undirected,23493,,1.0
能量,PH,Undirected,22026,,1.0
能量,硫酸,Undirected,21593,,1.0
能量,放射性,Undirected,22058,,1.0
能量,地球化学,Undirected,23448,,1.0
能量,岩浆,Undirected,22293,,2.0
能量,氮气,Undirected,22639,,1.0
能量,核聚变,Undirected,23583,,1.0
能量,助剂,Undirected,21358,,1.0
能量,线粒体,Undirected,22762,,1.0
能量,固体,Undirected,21784,,2.0
能量,钢铁,Undirected,21905,,1.0
能量,电子伏特,Undirected,22445,,1.0
能量,电池,Undirected,22710,,2.0
能量,水泥,Undirected,21646,,1.0
能量,铁离子,Undirected,23581,,1.0
能量,疏水,Undirected,23083,,1.0
能量,状态方程,Undirected,22205,,1.0
能量,电化学反应,Undirected,22749,,1.0
能量,断裂韧性,Undirected,22944,,1.0
能量,吸收能量,Undirected,23407,,1.0
能量,导磁性,Undirected,23436,,1.0
波长,精度,Undirected,22790,,1.0
波长,DNA,Undirected,23438,,1.0
波长,荧光,Undirected,22106,,1.0
波长,氧,Undirected,21540,,1.0
波长,能量,Undirected,22383,,1.0
波长,碳纳米管,Undirected,21116,,1.0
波长,热量,Undirected,23840,,1.0
波长,摄谱仪,Undirected,21998,,1.0
波长,物理性质,Undirected,23758,,1.0
波长,化学物质,Undirected,23622,,1.0
波长,氮气,Undirected,23884,,1.0
波长,铜,Undirected,23373,,1.0
波长,化工原料,Undirected,23613,,1.0
微粒,荧光,Undirected,21114,,1.0
微粒,质子数,Undirected,21486,,1.0
微粒,负极,Undirected,22552,,1.0
动作电位,电脉冲,Undirected,21115,,1.0
碳纳米管,乳酸,Undirected,22704,,1.0
能源,光谱,Undirected,23164,,1.0
能源,维生素,Undirected,21118,,1.0
能源,化学,Undirected,21628,,1.0
能源,纳米,Undirected,22705,,1.0
能源,剂量,Undirected,23076,,1.0
能源,草甘膦,Undirected,23550,,1.0
能源,氮气,Undirected,21335,,1.0
能源,化学组成,Undirected,23654,,1.0
能源,脱硫,Undirected,22694,,1.0
矿物质,含量,Undirected,23641,,1.0
矿物质,糖类,Undirected,21120,,1.0
矿物质,天然,Undirected,21680,,1.0
矿物质,氧气,Undirected,22696,,1.0
矿物质,钙,Undirected,22051,,1.0
矿物质,多糖,Undirected,23162,,1.0
矿物质,螺旋体,Undirected,22375,,1.0
矿物质,水溶性,Undirected,23372,,1.0
糖类,二氧化碳,Undirected,23804,,1.0
糖类,DNA,Undirected,23700,,1.0
糖类,氧气,Undirected,22851,,1.0
糖类,维生素C,Undirected,23377,,1.0
糖类,腐蚀,Undirected,22802,,1.0
热量,电脉冲,Undirected,22772,,1.0
热量,含量,Undirected,22858,,2.0
热量,蛋白质,Undirected,21121,,1.0
热量,水,Undirected,22069,,1.0
热量,燃烧,Undirected,21177,,2.0
热量,气体,Undirected,22928,,1.0
热量,剂量,Undirected,22997,,1.0
热量,淀粉,Undirected,22820,,2.0
热量,动力学,Undirected,22363,,1.0
热量,柏油,Undirected,21466,,1.0
热量,铸铁,Undirected,23516,,1.0
热量,环境温度,Undirected,21793,,1.0
热量,胶原蛋白,Undirected,23620,,1.0
热量,玻璃棒,Undirected,22861,,1.0
热量,甘油三酯,Undirected,23876,,1.0
热量,油性,Undirected,23285,,1.0
热量,水循环,Undirected,23543,,1.0
钻石,含量,Undirected,22524,,1.0
钻石,氧化,Undirected,23086,,1.0
钻石,铁,Undirected,22279,,1.0
钻石,液态,Undirected,21395,,1.0
钻石,原子,Undirected,22509,,1.0
钻石,爱因斯坦,Undirected,21122,,1.0
钻石,烧瓶,Undirected,21151,,1.0
钻石,碳,Undirected,21839,,1.0
钻石,镁,Undirected,21759,,1.0
钻石,平衡常数,Undirected,23094,,1.0
爱因斯坦,分子,Undirected,22331,,1.0
爱因斯坦,胰岛素,Undirected,21838,,1.0
爱因斯坦,DNA,Undirected,21956,,1.0
爱因斯坦,能量,Undirected,21527,,2.0
爱因斯坦,粒子,Undirected,22073,,1.0
爱因斯坦,带电粒子,Undirected,21375,,1.0
爱因斯坦,铝,Undirected,21159,,1.0
爱因斯坦,激素,Undirected,23649,,1.0
爱因斯坦,红外,Undirected,23582,,1.0
爱因斯坦,核磁共振成像,Undirected,22910,,1.0
爱因斯坦,衍射,Undirected,22360,,1.0
粒子,合成,Undirected,23763,,1.0
粒子,二氧化碳,Undirected,22885,,1.0
粒子,氧,Undirected,21779,,1.0
粒子,化学,Undirected,22958,,1.0
粒子,气体,Undirected,23789,,2.0
粒子,能源,Undirected,22630,,1.0
粒子,量子力学,Undirected,21123,,2.0
粒子,太阳辐射,Undirected,22656,,1.0
粒子,制备,Undirected,23386,,1.0
粒子,表面张力,Undirected,23064,,1.0
粒子,钢铁,Undirected,21485,,1.0
粒子,氢离子,Undirected,22438,,1.0
粒子,化学组成,Undirected,21902,,1.0
粒子,扩散限制,Undirected,21790,,1.0
粒子,盐矿,Undirected,22054,,1.0
粒子,导电性,Undirected,22202,,1.0
粒子,液相,Undirected,22309,,1.0
粒子,链式反应,Undirected,23030,,1.0
粒子,法拉第,Undirected,23120,,1.0
量子力学,二氧化碳,Undirected,22235,,1.0
量子力学,基态,Undirected,21161,,1.0
量子力学,蜡烛,Undirected,21367,,1.0
量子力学,室温,Undirected,23561,,1.0
量子力学,电场,Undirected,23434,,1.0
纳米,醋,Undirected,21737,,1.0
纳米,RNA,Undirected,23823,,1.0
纳米,细胞膜,Undirected,23618,,1.0
纳米,成分,Undirected,22066,,1.0
纳米,热量,Undirected,21752,,1.0
纳米,电子,Undirected,21124,,1.0
纳米,风能,Undirected,22655,,1.0
纳米,微米,Undirected,23199,,1.0
纳米,动力学,Undirected,21495,,2.0
纳米,熔融状态,Undirected,23178,,1.0
纳米,材料科学与工程,Undirected,23258,,1.0
纳米,热效率,Undirected,23426,,1.0
纳米,蒎烯,Undirected,23606,,1.0
电子,光谱,Undirected,21496,,1.0
电子,玻璃,Undirected,23467,,1.0
电子,精度,Undirected,22604,,1.0
电子,化学,Undirected,23874,,1.0
电子,天然,Undirected,22364,,1.0
电子,加热,Undirected,21487,,1.0
电子,振动能,Undirected,21153,,1.0
电子,焰色反应,Undirected,21203,,1.0
电子,溶液,Undirected,21473,,2.0
电子,营养物质,Undirected,22998,,1.0
电子,合金,Undirected,21369,,1.0
电子,背景辐射,Undirected,22502,,1.0
电子,电位,Undirected,21738,,1.0
电子,增强体,Undirected,21853,,1.0
电子,单色光,Undirected,22065,,1.0
电子,电势差,Undirected,23655,,1.0
电子,正交,Undirected,23259,,1.0
自旋,能量,Undirected,22512,,1.0
自旋,风能,Undirected,21750,,1.0
自旋,微米,Undirected,21162,,1.0
介质,含量,Undirected,21127,,2.0
介质,脂肪,Undirected,23592,,1.0
介质,化学,Undirected,22472,,1.0
介质,电子,Undirected,22298,,1.0
介质,微米,Undirected,21169,,1.0
介质,温室气体,Undirected,21691,,1.0
介质,大气污染,Undirected,23451,,1.0
天然,玻璃,Undirected,23505,,1.0
天然,干燥,Undirected,22167,,1.0
天然,蛋白质,Undirected,22983,,2.0
天然,鸟嘌呤,Undirected,21182,,1.0
天然,转录,Undirected,23603,,2.0
天然,荧光,Undirected,23405,,1.0
天然,汞,Undirected,22138,,1.0
天然,叶绿素,Undirected,23036,,1.0
天然,金,Undirected,21461,,2.0
天然,燃料,Undirected,23016,,1.0
天然,蔗糖,Undirected,22939,,1.0
天然,副产物,Undirected,21971,,1.0
天然,植物油,Undirected,23279,,1.0
天然,重水,Undirected,21377,,1.0
天然,线粒体,Undirected,22497,,1.0
天然,反应物,Undirected,23246,,1.0
天然,游离,Undirected,22458,,2.0
天然,挥发物,Undirected,23724,,1.0
天然,去污剂,Undirected,22489,,1.0
天然,维生素B6,Undirected,23109,,1.0
天然,缓冲液,Undirected,23294,,1.0
氧气,合成,Undirected,22947,,1.0
氧气,含量,Undirected,22682,,1.0
氧气,水,Undirected,23476,,1.0
氧气,DNA,Undirected,22368,,1.0
氧气,转录,Undirected,21447,,1.0
氧气,氧,Undirected,21906,,1.0
氧气,脱水,Undirected,21714,,1.0
氧气,成分,Undirected,21129,,1.0
氧气,化学,Undirected,21207,,2.0
氧气,燃烧,Undirected,21554,,2.0
氧气,过氧化氢,Undirected,22683,,1.0
氧气,碳酸铵,Undirected,21260,,1.0
氧气,钢铁,Undirected,21851,,1.0
氧气,碳循环,Undirected,23752,,1.0
氧气,粘土,Undirected,21637,,1.0
氧气,生物质能,Undirected,22708,,1.0
氧气,焦亚硫酸钠,Undirected,22813,,1.0
氧气,邻苯二甲酸,Undirected,23674,,1.0
化学成分,化工厂,Undirected,22231,,1.0
化学成分,原子,Undirected,21997,,1.0
化学成分,糖类,Undirected,23118,,2.0
化学成分,热量,Undirected,22643,,1.0
化学成分,分子结构,Undirected,21243,,1.0
化学成分,胆固醇,Undirected,22151,,1.0
化学成分,钙,Undirected,21364,,1.0
化学成分,氨基酸,Undirected,21284,,1.0
化学成分,同位素,Undirected,22343,,1.0
化学成分,二氧化硅,Undirected,21565,,1.0
化学成分,多态性,Undirected,22112,,1.0
化学成分,近红外光谱,Undirected,21899,,1.0
化学成分,升华,Undirected,22930,,2.0
化学成分,谷氨酸钠,Undirected,23012,,1.0
加热,干燥,Undirected,22040,,2.0
加热,盐,Undirected,23518,,1.0
加热,血糖,Undirected,23484,,1.0
加热,水,Undirected,21672,,1.0
加热,催化,Undirected,22265,,1.0
加热,核苷酸,Undirected,21189,,1.0
加热,水蒸汽,Undirected,23544,,1.0
加热,液态,Undirected,22377,,1.0
加热,添加剂,Undirected,21745,,1.0
加热,成分,Undirected,22929,,1.0
加热,水分,Undirected,23149,,1.0
加热,气态,Undirected,21131,,1.0
加热,周期性,Undirected,23652,,1.0
加热,金,Undirected,22700,,1.0
加热,晶体,Undirected,21881,,1.0
加热,氮,Undirected,23756,,1.0
加热,植物油,Undirected,21342,,2.0
加热,红外,Undirected,23165,,1.0
加热,对称性,Undirected,22093,,1.0
加热,负电荷,Undirected,21594,,1.0
加热,钕,Undirected,23422,,1.0
加热,谷氨酸,Undirected,23740,,1.0
加热,漂白剂,Undirected,23415,,1.0
加热,胶子,Undirected,22441,,1.0
加热,钒,Undirected,22525,,1.0
加热,拉德,Undirected,22664,,1.0
加热,浓酸,Undirected,22818,,1.0
气态,分子,Undirected,22229,,1.0
化石燃料,气体,Undirected,21133,,1.0
化石燃料,燃料,Undirected,23773,,1.0
化石燃料,化学过程,Undirected,23463,,1.0
化石燃料,氧化钚,Undirected,23023,,1.0
周期性,精度,Undirected,22996,,1.0
周期性,水,Undirected,21910,,1.0
周期性,气体,Undirected,22585,,1.0
周期性,风能,Undirected,21134,,1.0
周期性,溶液,Undirected,22563,,1.0
周期性,副产物,Undirected,22366,,1.0
周期性,维生素D,Undirected,22096,,1.0
风能,钢铁,Undirected,23774,,1.0
核能,太阳能,Undirected,21135,,1.0
核能,氰化物,Undirected,23122,,1.0
太阳能,精度,Undirected,22763,,1.0
太阳能,火山岩,Undirected,22463,,1.0
太阳能,碲,Undirected,23781,,1.0
核黄素,合成,Undirected,21137,,1.0
剂量,含量,Undirected,21438,,6.0
剂量,营养,Undirected,22603,,1.0
剂量,水,Undirected,21975,,1.0
剂量,催化,Undirected,22004,,1.0
剂量,DNA,Undirected,21490,,1.0
剂量,抗生素,Undirected,21138,,2.0
剂量,制备,Undirected,23380,,1.0
剂量,色素,Undirected,22919,,1.0
剂量,锌,Undirected,21288,,1.0
剂量,动力学,Undirected,23570,,1.0
剂量,核反应堆,Undirected,21332,,1.0
剂量,多巴胺,Undirected,21394,,1.0
剂量,类固醇,Undirected,22155,,1.0
剂量,苄基腺嘌呤,Undirected,22784,,1.0
抗生素,干燥,Undirected,22987,,1.0
抗生素,营养,Undirected,23135,,1.0
抗生素,脂肪,Undirected,22982,,1.0
抗生素,分解,Undirected,21391,,2.0
抗生素,添加剂,Undirected,22924,,2.0
抗生素,液体,Undirected,23753,,1.0
抗生素,能量,Undirected,22698,,1.0
抗生素,温度计,Undirected,21178,,1.0
抗生素,前体,Undirected,23317,,1.0
抗生素,滴滴涕,Undirected,22137,,1.0
链霉素,分子结构,Undirected,21139,,1.0
链霉素,试管,Undirected,23508,,1.0
链霉素,金霉素,Undirected,22455,,1.0
分子结构,抗血清,Undirected,21649,,1.0
维生素B2,葡萄糖,Undirected,23111,,1.0
维生素B2,RNA,Undirected,21140,,1.0
辅因子,蛋白质,Undirected,21141,,1.0
金,含量,Undirected,22090,,1.0
金,干燥,Undirected,21716,,1.0
金,盐,Undirected,22956,,1.0
金,营养,Undirected,23008,,1.0
金,蛋白质,Undirected,23260,,1.0
金,转录,Undirected,23760,,1.0
金,海水,Undirected,23356,,1.0
金,不饱和脂肪酸,Undirected,21142,,1.0
金,能量,Undirected,23494,,1.0
金,周期性,Undirected,23555,,1.0
金,营养物质,Undirected,21279,,1.0
金,对照试验,Undirected,23708,,1.0
金,反洗,Undirected,21513,,1.0
金,氰化物,Undirected,23578,,1.0
金,异常值,Undirected,22388,,1.0
金,实验设计,Undirected,22859,,1.0
金,竞争性,Undirected,23273,,1.0
金,可的松,Undirected,23807,,1.0
甲烷,光谱,Undirected,21325,,1.0
甲烷,氢,Undirected,23243,,1.0
甲烷,复合物,Undirected,23393,,1.0
甲烷,氧,Undirected,22481,,1.0
甲烷,成分,Undirected,23706,,1.0
甲烷,化学,Undirected,22825,,3.0
甲烷,粒子,Undirected,21961,,1.0
甲烷,太阳辐射,Undirected,21143,,1.0
甲烷,发酵,Undirected,22207,,1.0
甲烷,宝石,Undirected,23101,,1.0
太阳辐射,化学,Undirected,22606,,1.0
太阳辐射,气流,Undirected,22077,,2.0
太阳辐射,等离子体,Undirected,22362,,1.0
燃料,过滤,Undirected,22165,,1.0
燃料,氢,Undirected,21144,,1.0
燃料,水,Undirected,23828,,1.0
燃料,成分,Undirected,22608,,1.0
燃料,化学,Undirected,22068,,1.0
燃料,副产物,Undirected,21805,,2.0
取样,相互作用,Undirected,21517,,2.0
取样,血糖,Undirected,23080,,1.0
取样,水分,Undirected,21146,,1.0
取样,季铵,Undirected,21710,,1.0
取样,物理量,Undirected,23829,,1.0
有机分子,液态,Undirected,23345,,1.0
有机分子,氧气,Undirected,21147,,1.0
有机分子,大分子,Undirected,22228,,1.0
有机分子,硅,Undirected,23446,,1.0
有机分子,盐腌,Undirected,23004,,1.0
带电粒子,含量,Undirected,21148,,1.0
带电粒子,氧,Undirected,23055,,1.0
带电粒子,化学,Undirected,22650,,2.0
带电粒子,粒子,Undirected,21942,,1.0
带电粒子,介质,Undirected,22192,,1.0
反射率,干燥,Undirected,23145,,1.0
反射率,成分,Undirected,21149,,1.0
反射率,晶体,Undirected,22303,,1.0
反射率,氮,Undirected,23327,,1.0
反射率,钯,Undirected,23855,,1.0
摄谱仪,红外光谱,Undirected,21150,,1.0
烧瓶,碱盐,Undirected,21244,,1.0
烧瓶,锂,Undirected,22806,,1.0
大分子,含量,Undirected,23170,,1.0
大分子,挥发性,Undirected,21329,,1.0
大分子,高密度脂蛋白,Undirected,22158,,1.0
放电,加热,Undirected,22551,,1.0
放电,太阳能,Undirected,21613,,1.0
放电,原子核,Undirected,21154,,1.0
放电,等价,Undirected,21835,,1.0
放电,东莨菪碱,Undirected,22613,,1.0
原子核,液体,Undirected,23022,,1.0
原子核,放射性,Undirected,21379,,1.0
原子核,普朗克,Undirected,21407,,1.0
原子核,氟,Undirected,21693,,1.0
制备,纳米,Undirected,21155,,2.0
制备,室温,Undirected,22740,,1.0
制备,锌板,Undirected,21604,,1.0
制备,闪烁体,Undirected,21704,,1.0
晶体,相互作用,Undirected,21697,,1.0
晶体,分子,Undirected,21156,,1.0
晶体,水,Undirected,21253,,2.0
晶体,鸟嘌呤,Undirected,21972,,1.0
晶体,成分,Undirected,21275,,4.0
晶体,叶绿素,Undirected,21754,,1.0
晶体,碱性,Undirected,21242,,1.0
晶体,微量元素,Undirected,21770,,1.0
晶体,沉积岩,Undirected,21307,,1.0
碳60,铁,Undirected,21157,,1.0
炸药,原子,Undirected,21158,,1.0
铝,质子,Undirected,22567,,1.0
铝,铜,Undirected,21573,,2.0
盖革计数器,粒子,Undirected,21160,,1.0
基态,腐蚀性,Undirected,23697,,1.0
基态,能量,Undirected,21579,,1.0
微米,相互作用,Undirected,22098,,1.0
微米,试管,Undirected,22734,,1.0
微米,纤维素,Undirected,22548,,1.0
微米,线粒体,Undirected,21396,,2.0
微米,钾长石,Undirected,21580,,1.0
微米,硫化,Undirected,22387,,1.0
挥发,量子,Undirected,21163,,1.0
挥发,酸,Undirected,22114,,1.0
挥发,脂肪酸,Undirected,23053,,2.0
挥发,废水,Undirected,22714,,1.0
挥发,分子筛,Undirected,23473,,1.0
镍,含量,Undirected,23355,,1.0
镍,钛,Undirected,21164,,1.0
镍,化学过程,Undirected,22534,,1.0
镍,合金,Undirected,21868,,1.0
镍,蓝晶石,Undirected,22288,,1.0
钛,稀土,Undirected,21894,,1.0
钛,冶炼,Undirected,22527,,1.0
物理性质,蛋白质,Undirected,21165,,1.0
物理性质,碱基,Undirected,23535,,1.0
物理性质,微粒,Undirected,21173,,1.0
物理性质,加热,Undirected,21509,,1.0
调节剂,亲水性,Undirected,21166,,1.0
多元醇,聚合,Undirected,21167,,1.0
聚合,含量,Undirected,22314,,1.0
聚合,有机物,Undirected,21854,,1.0
聚合,摩尔,Undirected,23787,,1.0
胶体,色素,Undirected,22599,,1.0
胶体,塑料,Undirected,23845,,1.0
胶体,石膏,Undirected,21991,,1.0
胶体,晶面,Undirected,21560,,1.0
水凝胶,高分子,Undirected,21171,,1.0
高分子,不饱和聚酯,Undirected,22386,,1.0
交联,蛋白质,Undirected,22667,,1.0
交联,分子链,Undirected,21172,,1.0
交联,固体,Undirected,22380,,1.0
温度计,醋,Undirected,23862,,1.0
温度计,抗拉强度,Undirected,22531,,1.0
氨基,胸腺嘧啶,Undirected,21179,,1.0
氨基,亚硫酸钠,Undirected,23566,,1.0
胞嘧啶,甲基化酶,Undirected,21180,,1.0
光解酶,化学,Undirected,21183,,1.0
有机体,荧光,Undirected,22243,,1.0
有机体,肌动蛋白,Undirected,21731,,1.0
碱基对,蛋白质,Undirected,22177,,1.0
碱基对,碱基,Undirected,21795,,1.0
碱基对,DNA,Undirected,21186,,1.0
降解,抗生素,Undirected,23138,,1.0
降解,化学过程,Undirected,21187,,1.0
降解,淀粉,Undirected,22556,,1.0
降解,温室气体,Undirected,21278,,1.0
降解,室温,Undirected,23035,,1.0
降解,氯酸盐,Undirected,21814,,1.0
化学过程,精度,Undirected,21319,,1.0
化学过程,碳,Undirected,23638,,1.0
化学过程,矿物,Undirected,23536,,1.0
聚合酶,RNA,Undirected,21190,,1.0
限制性内切酶,甲基,Undirected,21191,,1.0
白糖,液体,Undirected,22699,,1.0
咖啡因,乙醇,Undirected,21945,,1.0
多酚,胆固醇,Undirected,21196,,1.0
胆固醇,胰岛素,Undirected,22985,,1.0
胆固醇,微粒,Undirected,23881,,1.0
胆固醇,热量,Undirected,22838,,1.0
胆固醇,氨基酸,Undirected,22161,,1.0
胆固醇,脂肪酸,Undirected,23318,,1.0
黄素,抗氧化,Undirected,21198,,1.0
抗氧化,营养,Undirected,23352,,1.0
抗氧化,DNA,Undirected,21277,,1.0
抗氧化,色素,Undirected,23376,,1.0
抗氧化,胡萝卜素,Undirected,21440,,1.0
抗氧化,酸,Undirected,23623,,1.0
维生素C,含量,Undirected,21684,,1.0
维生素C,氨基酸,Undirected,23624,,1.0
PH,化学,Undirected,23344,,1.0
PH,维生素C,Undirected,23353,,1.0
PH,PM2.5,Undirected,23105,,1.0
释放能量,临界值,Undirected,21201,,1.0
临界值,固体,Undirected,22347,,1.0
一氧化二氮,液体,Undirected,22621,,1.0
一氧化二氮,碱性溶液,Undirected,21202,,1.0
焰色反应,溶液,Undirected,23210,,1.0
溶液,乙醚,Undirected,22821,,1.0
溶液,蛋白质,Undirected,23295,,1.0
溶液,剂量,Undirected,23397,,1.0
溶液,有机体,Undirected,23506,,1.0
溶液,单质,Undirected,21204,,1.0
溶液,副产物,Undirected,21925,,1.0
溶液,钙,Undirected,21829,,1.0
溶液,表面张力,Undirected,22737,,1.0
溶液,铂,Undirected,22418,,1.0
溶液,熔融,Undirected,22516,,1.0
溶液,氢离子,Undirected,23096,,1.0
溶液,介子,Undirected,22442,,1.0
溶液,酿造,Undirected,22646,,1.0
溶液,压缩气体,Undirected,22614,,2.0
单质,聚集体,Undirected,22280,,1.0
四硼酸钠,X射线,Undirected,21205,,1.0
X射线,海水,Undirected,23788,,1.0
X射线,能量,Undirected,22296,,1.0
X射线,燃料,Undirected,21765,,1.0
X射线,高分子,Undirected,22444,,1.0
X射线,红外,Undirected,21757,,1.0
X射线,玄武岩,Undirected,22299,,1.0
碘,强碱,Undirected,21206,,1.0
碘,稀土,Undirected,22870,,1.0
碘,冶炼,Undirected,21807,,1.0
碘,三氯化铁,Undirected,22565,,1.0
色素,相互作用,Undirected,22011,,2.0
色素,鸟嘌呤,Undirected,21753,,1.0
色素,酶,Undirected,21295,,1.0
色素,太阳辐射,Undirected,22485,,1.0
色素,碘钟反应,Undirected,21208,,1.0
色素,碱性,Undirected,22435,,1.0
色素,生物碱,Undirected,23194,,1.0
色素,烯醇阴离子,Undirected,21849,,1.0
色素,均一性,Undirected,23038,,1.0
色素,表面皿,Undirected,23677,,1.0
色素,视蛋白,Undirected,23838,,1.0
碘钟反应,有机物,Undirected,22807,,1.0
碱面,李比希,Undirected,21209,,1.0
熔炉,硼砂,Undirected,21210,,1.0
熔炉,宇宙化学,Undirected,22227,,1.0
玻璃管,二硫化碳,Undirected,21211,,1.0
碘化汞,汞盐,Undirected,21212,,2.0
淀粉,含量,Undirected,22335,,1.0
淀粉,化学,Undirected,22721,,1.0
淀粉,水溶液,Undirected,21213,,1.0
淀粉,蔗糖,Undirected,21351,,1.0
淀粉,侵染,Undirected,22496,,1.0
淀粉,维生素B9,Undirected,23078,,1.0
淀粉,黄原胶,Undirected,23336,,1.0
水溶液,溶剂化电子,Undirected,21480,,1.0
水溶液,乙胺,Undirected,21935,,1.0
水溶液,酸碱指示剂,Undirected,23688,,1.0
可溶性,糖,Undirected,22822,,1.0
可溶性,光电效应,Undirected,21214,,1.0
可溶性,矿物,Undirected,23147,,1.0
木炭,维生素,Undirected,23323,,1.0
木炭,气体,Undirected,23266,,1.0
木炭,太阳能,Undirected,21638,,1.0
木炭,光电子,Undirected,21215,,1.0
化学家,相互作用,Undirected,23839,,1.0
化学家,微粒体,Undirected,22006,,1.0
化学家,铝,Undirected,21778,,1.0
化学家,碱水,Undirected,21216,,1.0
化学家,发酵,Undirected,23389,,1.0
化学家,挥发性,Undirected,23009,,1.0
化学家,固体,Undirected,22430,,1.0
化学家,自由电子,Undirected,22188,,1.0
化学家,缩醛,Undirected,22187,,1.0
化学家,脂质体,Undirected,22480,,1.0
过氧化氢,氧,Undirected,23244,,1.0
过氧化氢,沉淀,Undirected,21217,,1.0
过氧化氢,碳酸氢钠,Undirected,22640,,1.0
过氧化氢,氧化还原,Undirected,21919,,1.0
沉淀,蛋白质,Undirected,21653,,1.0
沉淀,能量,Undirected,22052,,1.0
沉淀,碘,Undirected,22811,,1.0
沉淀,化学原理,Undirected,21249,,1.0
沉淀,富集,Undirected,21927,,1.0
沉淀,透析,Undirected,23297,,1.0
碳酸氢钠,交联剂,Undirected,21218,,1.0
碳酸氢钠,丹宁,Undirected,22645,,1.0
碱性,氧化,Undirected,22571,,1.0
碱性,催化剂,Undirected,23230,,1.0
碱性,非晶态,Undirected,23716,,1.0
催化剂,蛋白质,Undirected,23444,,1.0
催化剂,水分,Undirected,23447,,1.0
催化剂,能量,Undirected,22466,,2.0
催化剂,蜡烛,Undirected,21222,,1.0
催化剂,膜分离,Undirected,21934,,1.0
催化剂,稀有气体,Undirected,22558,,1.0
催化剂,指示剂,Undirected,23684,,1.0
催化剂,硼,Undirected,22584,,1.0
蜡烛,抗生素,Undirected,23482,,1.0
蜡烛,气流,Undirected,22183,,1.0
聚乙烯醇,反应式,Undirected,21223,,1.0
反应式,碱金属,Undirected,23224,,1.0
阿维菌素,衍生物,Undirected,21224,,2.0
衍生物,光合作用,Undirected,22494,,1.0
衍生物,吡嗪,Undirected,23006,,1.0
衍生物,神经毒素,Undirected,22778,,1.0
衍生物,通式,Undirected,23334,,1.0
活性物质,天然,Undirected,21225,,1.0
活性物质,化学物质,Undirected,23127,,1.0
化学修饰,有机体,Undirected,21226,,1.0
氯喹,链霉素,Undirected,21227,,1.0
丙三醇,发酵,Undirected,21228,,1.0
丙三醇,酸酯,Undirected,21437,,1.0
丙三醇,一氧化氮,Undirected,21519,,1.0
发酵,合成,Undirected,22840,,1.0
发酵,可溶性,Undirected,21412,,1.0
发酵,有机物,Undirected,23799,,1.0
发酵,黑色素,Undirected,22420,,1.0
发酵,塑料,Undirected,23465,,1.0
发酵,胶原蛋白,Undirected,22669,,1.0
蔗糖,糖,Undirected,23338,,1.0
蔗糖,组分,Undirected,21229,,1.0
蔗糖,化学成分,Undirected,23040,,1.0
酊,固态,Undirected,21230,,1.0
固态,玻璃,Undirected,23721,,1.0
酸类,晶体,Undirected,23181,,1.0
酸类,甲醇,Undirected,21232,,1.0
酸类,氧化剂,Undirected,23457,,1.0
酸类,香兰素,Undirected,23725,,1.0
副产物,水,Undirected,21709,,2.0
副产物,钙,Undirected,23110,,1.0
副产物,臭氧,Undirected,22893,,1.0
副产物,近昼夜节律,Undirected,22263,,1.0
副产物,熔融状态,Undirected,23885,,1.0
副产物,光分解,Undirected,22349,,1.0
副产物,胺氧化酶,Undirected,23524,,1.0
神经递质,含量,Undirected,22522,,1.0
神经递质,化工厂,Undirected,21235,,1.0
神经递质,尼古丁,Undirected,23532,,1.0
蚁酸,科里,Undirected,21236,,1.0
科里,天然,Undirected,22178,,1.0
科里,一氧化碳,Undirected,23396,,1.0
科里,透析,Undirected,22038,,1.0
腺体,分子,Undirected,23005,,1.0
溶剂,玻尔兹曼,Undirected,21373,,1.0
溶剂,反应机理,Undirected,21482,,1.0
溶剂,碱性电池,Undirected,21616,,1.0
色谱,水杨酸,Undirected,21239,,1.0
芒硝,酸性,Undirected,21240,,1.0
芒硝,纤维素,Undirected,21354,,1.0
单体,加热,Undirected,21241,,1.0
溴化,燃烧,Undirected,21245,,1.0
硫酸根,能级,Undirected,21538,,1.0
生物碱,亲脂性,Undirected,21248,,1.0
生物碱,酸,Undirected,22770,,1.0
生物碱,秋水仙素,Undirected,22035,,1.0
试管,氨气,Undirected,21250,,1.0
试管,一氧化碳,Undirected,23534,,1.0
试管,皂素,Undirected,23281,,1.0
氨气,化学成分,Undirected,22325,,1.0
水浴加热,溴化钾,Undirected,21251,,1.0
水浴加热,室温,Undirected,23861,,1.0
阿片,蚁酸,Undirected,21254,,1.0
蓖麻毒,细胞膜,Undirected,21255,,1.0
蓖麻毒,苯巴比妥,Undirected,22616,,1.0
溴,白磷,Undirected,21256,,1.0
冷凝器,碱性,Undirected,21257,,1.0
化学发光,氧,Undirected,21262,,1.0
吗啡,神经递质,Undirected,21263,,1.0
甲酸,气体,Undirected,21264,,1.0
甲酸,酸碱度,Undirected,23103,,1.0
磷光,金,Undirected,21555,,1.0
磷光,尼古丁,Undirected,21265,,1.0
尼古丁,多巴胺,Undirected,23651,,1.0
溴化物,磷,Undirected,21266,,1.0
磷,酶,Undirected,22020,,4.0
磷,能量,Undirected,21903,,1.0
磷,岩浆,Undirected,21760,,1.0
硫酸,化学性质,Undirected,23680,,1.0
硫酸,挥发,Undirected,21267,,1.0
中性,合成,Undirected,21434,,1.0
中性,粒子,Undirected,21385,,4.0
中性,活化,Undirected,22357,,1.0
中性,糖胺聚糖,Undirected,21426,,1.0
胡萝卜素,化学,Undirected,22063,,1.0
胡萝卜素,剂量,Undirected,21269,,1.0
胡萝卜素,挥发,Undirected,23481,,1.0
胡萝卜素,酸,Undirected,23037,,1.0
胡萝卜素,吸收热,Undirected,21755,,1.0
胡萝卜素,维生素A,Undirected,23586,,1.0
钙,DNA,Undirected,23363,,1.0
钙,物理性质,Undirected,22283,,1.0
钙,沉淀,Undirected,21767,,1.0
钙,农业化学,Undirected,21271,,1.0
钙,维生素D,Undirected,22132,,1.0
钙,冶炼,Undirected,21883,,1.0
钙,过氧化物酶体,Undirected,23197,,1.0
食用油,烯醇化酶,Undirected,23316,,1.0
饱和度,相互作用,Undirected,21276,,1.0
温室气体,二氧化碳,Undirected,22963,,1.0
温室气体,碳,Undirected,23748,,2.0
温室气体,氮气,Undirected,22315,,1.0
营养物质,营养,Undirected,22626,,3.0
营养物质,水,Undirected,22041,,1.0
营养物质,波长,Undirected,21647,,1.0
营养物质,透气性,Undirected,23479,,1.0
化学物质,活性氧,Undirected,23531,,1.0
化学物质,DNA,Undirected,23302,,1.0
化学物质,细胞膜,Undirected,22392,,1.0
化学物质,脱水,Undirected,23010,,1.0
化学物质,成分,Undirected,21739,,1.0
化学物质,化学,Undirected,21664,,3.0
化学物质,矿物质,Undirected,23612,,1.0
化学物质,热量,Undirected,22736,,1.0
化学物质,X射线,Undirected,22777,,1.0
化学物质,过氧化氢,Undirected,22431,,1.0
化学物质,化肥,Undirected,21281,,1.0
化学物质,红外,Undirected,23475,,1.0
化学物质,原子量,Undirected,22901,,1.0
化学物质,精炼,Undirected,23176,,1.0
化学物质,橡胶,Undirected,22329,,1.0
化学物质,神经肽,Undirected,21952,,1.0
化学物质,试纸,Undirected,23599,,1.0
化学物质,金属光泽,Undirected,22125,,1.0
化学物质,塑料颗粒,Undirected,22557,,1.0
化学物质,乙硫醇,Undirected,22712,,1.0
化肥,能量,Undirected,21464,,1.0
草甘膦,脂肪,Undirected,23400,,1.0
草甘膦,分解,Undirected,21283,,1.0
草甘膦,化学,Undirected,23168,,1.0
草甘膦,加热,Undirected,23626,,1.0
草甘膦,抗生素,Undirected,21675,,1.0
草甘膦,化学物质,Undirected,22250,,1.0
草甘膦,合成酶,Undirected,23190,,1.0
氨基酸,乙酸,Undirected,22753,,1.0
氨基酸,DNA,Undirected,22845,,1.0
氨基酸,量子,Undirected,22241,,1.0
氨基酸,脂肪酸,Undirected,23822,,1.0
氨基酸,多巴胺,Undirected,22523,,1.0
氨基酸,重金属,Undirected,23648,,1.0
氨基酸,气流,Undirected,23449,,1.0
氨基酸,溶菌酶,Undirected,23298,,1.0
氨基酸,亚油酸,Undirected,22628,,1.0
氨基酸,维生素A,Undirected,23378,,2.0
微量元素,杂环胺,Undirected,21285,,1.0
微量元素,乙酰水杨酸,Undirected,23509,,1.0
微量元素,钴,Undirected,23366,,1.0
砒霜,苯并芘,Undirected,21287,,1.0
砒霜,硫化砷,Undirected,21979,,1.0
砒霜,氰化钾,Undirected,23574,,1.0
锌,嵌合体,Undirected,23184,,1.0
维生素D,蛋白质,Undirected,21290,,1.0
巴斯德,营养,Undirected,21291,,1.0
组蛋白,DNA,Undirected,21292,,1.0
组蛋白,结合蛋白,Undirected,22352,,1.0
组蛋白,悬浊液,Undirected,23293,,1.0
共价键,单质,Undirected,21297,,1.0
有机物,合成,Undirected,21298,,4.0
有机物,含量,Undirected,23095,,1.0
有机物,液态,Undirected,22473,,1.0
有机物,试管,Undirected,23668,,1.0
有机物,过冷液体,Undirected,21880,,1.0
有机物,甲醛,Undirected,23533,,1.0
质子数,钍,Undirected,21299,,1.0
中子,水分,Undirected,22503,,1.0
中子,氘,Undirected,21378,,1.0
铅,氧化,Undirected,23369,,1.0
铅,液体,Undirected,21611,,1.0
铅,化学,Undirected,23514,,1.0
铅,原子弹,Undirected,21301,,1.0
铅,钢铁,Undirected,22942,,1.0
铅,矿物油,Undirected,21700,,1.0
铅,镉,Undirected,22874,,1.0
原子弹,放射性,Undirected,21334,,3.0
放射性,蛋白质,Undirected,23081,,2.0
放射性,脂肪,Undirected,23237,,1.0
放射性,化学,Undirected,23886,,1.0
放射性,分馏,Undirected,21302,,2.0
放射性,富集,Undirected,22301,,1.0
放射性,凝灰岩,Undirected,21799,,1.0
动力学,电子,Undirected,23421,,1.0
动力学,氧气,Undirected,22193,,1.0
动力学,副产物,Undirected,22637,,1.0
动力学,地球化学,Undirected,21504,,1.0
动力学,气流,Undirected,23549,,1.0
稳定同位素,无机物,Undirected,21304,,1.0
氮,含量,Undirected,23873,,1.0
氮,水,Undirected,23238,,2.0
氮,液态,Undirected,23559,,1.0
氮,化学成分,Undirected,23796,,1.0
氮,甲烷,Undirected,23883,,1.0
氮,碳,Undirected,21306,,3.0
氮,化学反应,Undirected,21327,,1.0
氮,光致电离,Undirected,22661,,1.0
氮,分子碰撞,Undirected,23301,,1.0
碳,营养,Undirected,22948,,1.0
碳,水,Undirected,22268,,3.0
碳,转录,Undirected,23801,,1.0
碳,成分,Undirected,22507,,3.0
碳,晶体,Undirected,21864,,1.0
碳,化学反应,Undirected,22226,,3.0
碳,核反应堆,Undirected,21462,,1.0
碳,背景辐射,Undirected,23320,,1.0
碳,熔融,Undirected,21586,,1.0
碳,丰度,Undirected,22319,,1.0
碳,焙烧,Undirected,23791,,1.0
碳同位素分析,核素,Undirected,21308,,1.0
核素,含量,Undirected,23233,,1.0
铀,铌,Undirected,21773,,1.0
稀有金属,含量,Undirected,21310,,1.0
稀有金属,铑,Undirected,23858,,1.0
矿物,糖,Undirected,22702,,1.0
矿物,波长,Undirected,21572,,1.0
矿物,矿物质,Undirected,22148,,1.0
矿物,铝,Undirected,21901,,1.0
矿物,中性,Undirected,23100,,1.0
矿物,同位素,Undirected,21312,,2.0
矿物,硬脂酸,Undirected,21973,,1.0
同位素,波长,Undirected,21384,,1.0
同位素,太阳能,Undirected,23028,,1.0
同位素,铝,Undirected,21870,,1.0
磷灰石,锆石,Undirected,21313,,1.0
沉积作用,气体,Undirected,22324,,1.0
沉积作用,富集,Undirected,21583,,1.0
地球化学,X射线,Undirected,22346,,1.0
地球化学,碱性,Undirected,21892,,1.0
地球化学,碳同位素,Undirected,21315,,1.0
地球化学,化学反应,Undirected,23089,,1.0
地球化学,氢气,Undirected,23104,,1.0
地球化学,光催化,Undirected,22465,,1.0
中子数,岩浆,Undirected,21316,,1.0
类蛋白质,RNA,Undirected,21318,,1.0
类蛋白质,植物纤维,Undirected,23621,,1.0
中微子,质子,Undirected,22505,,1.0
中微子,乙醇,Undirected,21322,,1.0
中微子,暗物质,Undirected,21705,,1.0
氮气,特异性,Undirected,22692,,1.0
氮气,水浴加热,Undirected,23150,,1.0
氮气,原子弹,Undirected,23764,,1.0
氮气,干酪,Undirected,21324,,1.0
氮气,元素周期表,Undirected,22812,,1.0
氮气,周期表,Undirected,23276,,1.0
氮气,氮氧化物,Undirected,23206,,1.0
干酪,分子,Undirected,23734,,1.0
化学反应,沉淀,Undirected,22733,,1.0
化学反应,蔗糖,Undirected,23177,,1.0
化学反应,固体,Undirected,21417,,1.0
化学反应,纳米材料,Undirected,21497,,1.0
化学反应,氧化钴,Undirected,21607,,1.0
化学反应,半导体,Undirected,21632,,1.0
化学反应,银,Undirected,21833,,1.0
化学反应,屈服应力,Undirected,22666,,1.0
挥发性,蛋白质,Undirected,21741,,2.0
挥发性,液态,Undirected,22519,,1.0
挥发性,气体,Undirected,23470,,1.0
挥发性,镁条,Undirected,23689,,1.0
黑色素,氧化,Undirected,23617,,1.0
黑色素,热量,Undirected,21330,,1.0
黑色素,氧气,Undirected,23605,,1.0
黑色素,化学键,Undirected,22062,,1.0
生长激素,蛋白质,Undirected,21331,,1.0
生长激素,硫化氢,Undirected,23185,,1.0
生长激素,脂质,Undirected,22369,,1.0
生长激素,竹桃霉素,Undirected,22454,,1.0
核反应堆,水,Undirected,23778,,1.0
核反应堆,锶,Undirected,23024,,1.0
氡气,核能,Undirected,21333,,1.0
核聚变,制备,Undirected,21336,,1.0
核聚变,单质,Undirected,21856,,1.0
塑料,维生素,Undirected,23413,,1.0
塑料,脂肪,Undirected,21346,,1.0
塑料,分解,Undirected,21645,,1.0
塑料,成分,Undirected,23186,,1.0
塑料,原子核,Undirected,22318,,1.0
塑料,定量分析,Undirected,21337,,1.0
塑料,中位数,Undirected,21425,,1.0
塑料,热力学,Undirected,21990,,1.0
塑料,废气,Undirected,22163,,1.0
塑料,化学武器,Undirected,23614,,1.0
定量分析,富集,Undirected,23143,,1.0
定量分析,裂变,Undirected,21768,,1.0
表面张力,水分,Undirected,23712,,1.0
食品添加剂,氧,Undirected,22783,,1.0
食品添加剂,液体,Undirected,22545,,1.0
食品添加剂,剂量,Undirected,21529,,1.0
食品添加剂,凝固剂,Undirected,21339,,1.0
食品添加剂,着色剂,Undirected,21470,,1.0
食品添加剂,氢化油,Undirected,22022,,1.0
食品添加剂,卵磷脂,Undirected,23182,,1.0
硫酸钠,大分子,Undirected,21340,,1.0
植物油,X射线,Undirected,23234,,1.0
植物油,碘,Undirected,23309,,1.0
植物油,过氧化物,Undirected,21818,,1.0
植物油,肥皂泡,Undirected,22860,,1.0
氯化镁,液态,Undirected,23141,,1.0
氯化镁,石膏,Undirected,21343,,1.0
环己基氨基磺酸钠,珍珠粉,Undirected,21344,,1.0
钠,氧,Undirected,23364,,1.0
钠,化学,Undirected,22566,,1.0
钠,碱金属,Undirected,21566,,1.0
钠,脂,Undirected,23513,,1.0
钠,氧化反应,Undirected,23213,,1.0
增稠剂,添加剂,Undirected,21347,,2.0
寡糖,分子,Undirected,23333,,1.0
寡糖,化学合成,Undirected,21348,,1.0
半固体,蛋白质,Undirected,21349,,1.0
稳定剂,苯酚,Undirected,22899,,1.0
稳定剂,黄原胶,Undirected,23868,,1.0
酸,微米,Undirected,22277,,1.0
酸,硫酸,Undirected,22804,,1.0
酸,聚糖,Undirected,21352,,1.0
酸,道尔顿,Undirected,23074,,1.0
明胶,调节剂,Undirected,23158,,1.0
明胶,化学物质,Undirected,21353,,1.0
纤维素,族,Undirected,22974,,1.0
纤维素,抗生素,Undirected,23253,,1.0
纤维素,羟色胺,Undirected,21435,,1.0
纤维素,多羟基醛,Undirected,23329,,1.0
降解产物,氢化,Undirected,21355,,1.0
氢化,成分,Undirected,22025,,1.0
甜味剂,糖精,Undirected,21989,,1.0
甜味剂,月桂基,Undirected,22803,,1.0
麦芽糖,高分子,Undirected,21357,,1.0
麦芽糖,酸,Undirected,23342,,1.0
助剂,溶液,Undirected,23685,,1.0
脂肪酸,蛋白质,Undirected,21403,,1.0
脂肪酸,海水,Undirected,22627,,1.0
脂肪酸,鱼油,Undirected,23635,,1.0
镁,铁,Undirected,21360,,1.0
镁,钠,Undirected,22046,,1.0
镁,化学键,Undirected,22305,,1.0
镁,金属离子,Undirected,23368,,1.0
镁,高氯酸钠,Undirected,23139,,1.0
硅,合成,Undirected,22115,,1.0
硅,族,Undirected,22306,,1.0
硅,液体,Undirected,22287,,1.0
硅,硫,Undirected,21469,,1.0
硅,球粒陨石,Undirected,21858,,1.0
氦,二氧化硅,Undirected,21862,,1.0
氦,熔融,Undirected,21896,,1.0
氦,热发光,Undirected,22659,,1.0
气化,燃烧,Undirected,23390,,1.0
气化,热量,Undirected,21363,,1.0
气化,动力学,Undirected,22611,,1.0
气化,临界温度,Undirected,21508,,1.0
气化,临界点,Undirected,22345,,1.0
气化,淬火,Undirected,22529,,1.0
基本单位,阿伏伽德罗常数,Undirected,21365,,1.0
基本单位,激素,Undirected,23830,,1.0
微克,粒子,Undirected,21366,,1.0
能级,物质的量,Undirected,21368,,1.0
合金,水,Undirected,21479,,1.0
合金,碳,Undirected,21823,,1.0
合金,钢铁,Undirected,21733,,1.0
铱,分解,Undirected,21592,,1.0
铱,普朗克常数,Undirected,23663,,1.0
铱,浓缩铀,Undirected,21781,,1.0
普朗克常数,碳,Undirected,21371,,1.0
铂,水,Undirected,21372,,1.0
铂,硅,Undirected,23660,,1.0
铂,阴极,Undirected,22711,,1.0
摩尔,原子,Undirected,23662,,1.0
摩尔,跃迁,Undirected,21374,,1.0
跃迁,乙醇,Undirected,21570,,1.0
跃迁,介质,Undirected,22631,,1.0
反粒子,电子,Undirected,21376,,1.0
钾,分子,Undirected,21382,,1.0
钾,铁,Undirected,21898,,1.0
钾,镁,Undirected,21772,,1.0
钾,金属离子,Undirected,21568,,1.0
弱相互作用,镍,Undirected,21383,,1.0
基本粒子,痕量,Undirected,21386,,1.0
基本粒子,方向性,Undirected,22610,,1.0
痕量,化学成分,Undirected,23860,,1.0
能量守恒,核反应,Undirected,21387,,1.0
激素,过滤,Undirected,21660,,1.0
激素,含量,Undirected,23408,,1.0
激素,DNA,Undirected,22393,,2.0
激素,RNA,Undirected,23189,,1.0
激素,光合作用,Undirected,22750,,1.0
激素,成分,Undirected,22647,,1.0
激素,天然,Undirected,22471,,1.0
激素,信息素,Undirected,22087,,1.0
激素,化学物质,Undirected,22857,,1.0
激素,硫酸钠,Undirected,21389,,1.0
激素,油脂,Undirected,23491,,1.0
激素,化学组成,Undirected,23647,,1.0
激素,香豆素,Undirected,22768,,1.0
激素,类固醇,Undirected,23058,,1.0
激素,可卡因,Undirected,22617,,1.0
激素,甲状腺素,Undirected,23805,,1.0
着床,含量,Undirected,21392,,1.0
免疫球蛋白,雌激素,Undirected,21393,,1.0
雌激素,RNA,Undirected,22371,,1.0
雌激素,干扰素,Undirected,23645,,1.0
多巴胺,激素,Undirected,23530,,1.0
线粒体,特异性,Undirected,21654,,1.0
线粒体,荧光,Undirected,21450,,1.0
线粒体,青霉素,Undirected,23077,,1.0
线粒体,配子体,Undirected,23850,,1.0
去氧血红蛋白,灌流,Undirected,21397,,1.0
能量代谢,热量,Undirected,21398,,2.0
背景辐射,中子,Undirected,23017,,1.0
背景辐射,极化,Undirected,21405,,1.0
背景辐射,当量,Undirected,22056,,1.0
普朗克,取样,Undirected,23306,,1.0
普朗克,衍射,Undirected,22504,,1.0
深红色,乙醇,Undirected,22769,,1.0
油脂,含量,Undirected,22023,,2.0
油脂,多酚类,Undirected,21683,,1.0
油脂,锚定作用,Undirected,22988,,1.0
成键,一氧化碳,Undirected,21414,,1.0
一氧化碳,气体,Undirected,23766,,1.0
一氧化碳,氮,Undirected,23707,,1.0
发射光谱,成分,Undirected,21542,,1.0
发射光谱,反应物,Undirected,21416,,1.0
反应物,叶绿素,Undirected,21929,,1.0
反应物,动力学,Undirected,22561,,1.0
反应物,固体,Undirected,21477,,1.0
反应物,主链,Undirected,23678,,1.0
固体,化学,Undirected,22223,,1.0
固体,脂肪酸,Undirected,23256,,1.0
固体,镁,Undirected,21866,,3.0
直线加速器,摩尔,Undirected,22437,,1.0
直线加速器,活化,Undirected,21420,,1.0
活化,复合物,Undirected,22018,,1.0
活化,金,Undirected,23303,,1.0
活化,化学活性,Undirected,22746,,1.0
活化,粘度,Undirected,22384,,1.0
理论化学,分解,Undirected,22238,,1.0
游离,营养,Undirected,22406,,1.0
游离,蛋白质,Undirected,21423,,1.0
游离,苯甲酸盐,Undirected,22691,,1.0
微管,组蛋白,Undirected,21428,,1.0
茉莉酸,酸性,Undirected,21429,,1.0
草履虫,分解,Undirected,22850,,1.0
草履虫,特异性,Undirected,21430,,1.0
草履虫,光合作用,Undirected,21467,,1.0
吞噬作用,金属离子,Undirected,22356,,1.0
粘液,蛋白质,Undirected,22549,,1.0
粘液,植物激素,Undirected,21432,,1.0
植物激素,降解,Undirected,22757,,1.0
植物激素,助剂,Undirected,22785,,1.0
植物激素,激素,Undirected,22805,,1.0
趋化因子,荧光,Undirected,21433,,1.0
羟色胺,水,Undirected,22954,,1.0
羟色胺,液体,Undirected,23385,,1.0
羟色胺,乙酰水杨酸,Undirected,22002,,1.0
羟色胺,苯酚,Undirected,23129,,1.0
前体,酶,Undirected,22239,,1.0
前体,左旋,Undirected,21436,,1.0
前体,过滤器,Undirected,22276,,1.0
前体,丁基锡,Undirected,21723,,1.0
前体,羧化,Undirected,22014,,1.0
过氧化物,氨气,Undirected,23695,,1.0
过氧化物,高密度脂蛋白,Undirected,21439,,1.0
过氧化物,氧化铅,Undirected,22433,,1.0
高密度脂蛋白,生长激素,Undirected,21516,,1.0
脂蛋白,能量,Undirected,22160,,1.0
脂蛋白,胆固醇,Undirected,22043,,1.0
脂蛋白,定量分析,Undirected,22727,,1.0
脂蛋白,癌胚抗原,Undirected,23315,,1.0
维生素E,脂肪酸,Undirected,23880,,1.0
维生素E,天然色素,Undirected,21442,,1.0
叶绿体,咖啡因,Undirected,21933,,1.0
叶绿体,质体,Undirected,21444,,1.0
叶绿体,青铜,Undirected,23701,,1.0
质体,氮,Undirected,22475,,1.0
质体,线粒体,Undirected,22849,,1.0
激酶,有机物,Undirected,21448,,1.0
红外,水,Undirected,21451,,3.0
红外,化工厂,Undirected,21963,,1.0
红外,分解,Undirected,21550,,1.0
红外,海水,Undirected,22391,,1.0
红外,气体,Undirected,22676,,1.0
红外,化学成分,Undirected,22788,,1.0
红外,微米,Undirected,23757,,1.0
红外,聚合,Undirected,21492,,1.0
红外,银,Undirected,22105,,1.0
红外,多环芳烃,Undirected,22946,,1.0
胶片,放电,Undirected,21452,,1.0
胶片,塑料,Undirected,21695,,1.0
胶片,蜡质,Undirected,22101,,1.0
构象,金,Undirected,21453,,1.0
灵敏度,钙,Undirected,21454,,1.0
灵敏度,酶原,Undirected,21537,,1.0
灵敏度,绝对零度,Undirected,22232,,1.0
对称性,波动性,Undirected,21456,,1.0
波动性,草履虫,Undirected,22215,,1.0
聚碳酸酯,热量,Undirected,21458,,1.0
PM2.5,过滤,Undirected,21459,,1.0
PM2.5,银,Undirected,23589,,1.0
PM2.5,二氧化氮,Undirected,22218,,1.0
PM2.5,悬浮颗粒物,Undirected,22634,,1.0
金属丝,能量,Undirected,21460,,1.0
硫,含量,Undirected,22109,,1.0
硫,蛋白质,Undirected,23187,,1.0
硫,组分,Undirected,22208,,1.0
硫,气体,Undirected,23795,,1.0
硫,光分解,Undirected,22660,,1.0
硫,氧化铁,Undirected,22432,,1.0
着色剂,蛋白质,Undirected,23870,,1.0
金箔,重金属,Undirected,21471,,1.0
重金属,铁,Undirected,21887,,1.0
重金属,腺体,Undirected,22139,,1.0
钠离子,醋,Undirected,23569,,1.0
钠离子,植物油,Undirected,23814,,1.0
钠离子,构型,Undirected,21472,,1.0
钠离子,氢离子,Undirected,22791,,1.0
钠离子,电解液,Undirected,22550,,1.0
钨,海水,Undirected,23271,,1.0
室温,水,Undirected,22080,,1.0
室温,热量,Undirected,21743,,1.0
室温,化学反应,Undirected,21476,,1.0
室温,铜绿,Undirected,22039,,1.0
室温,天然香料,Undirected,22514,,1.0
室温,小窝蛋白,Undirected,23292,,1.0
碱金属,自由电子,Undirected,21481,,1.0
碱金属,铜,Undirected,22823,,1.0
氢气,分解,Undirected,23267,,1.0
氢气,原子,Undirected,21483,,1.0
氢气,通风橱,Undirected,22582,,1.0
氢气,石油,Undirected,22266,,1.0
钢铁,化学,Undirected,22528,,1.0
钢铁,一氧化碳,Undirected,21625,,1.0
暗物质,能量,Undirected,21488,,1.0
暗物质,基本粒子,Undirected,22511,,1.0
暗物质,热传导,Undirected,22361,,1.0
电子伏特,硅,Undirected,21489,,1.0
过敏反应,天然,Undirected,22994,,1.0
过敏反应,链霉素,Undirected,22926,,1.0
过敏反应,交联,Undirected,23131,,1.0
过敏反应,对照试验,Undirected,21491,,1.0
对照试验,阿斯巴甜,Undirected,22261,,1.0
凝聚态,化学,Undirected,21494,,1.0
凝聚态,量子力学,Undirected,23719,,1.0
准晶,化学,Undirected,21502,,1.0
量子化学,合成,Undirected,21503,,1.0
物理化学,粒子,Undirected,23637,,1.0
物理化学,分子轨道,Undirected,21505,,1.0
物理化学,羟基,Undirected,21842,,1.0
核酸,转录,Undirected,23704,,1.0
核酸,化学家,Undirected,21506,,1.0
功能基,RNA,Undirected,21507,,1.0
脂,合成,Undirected,23277,,1.0
脂,营养,Undirected,22595,,1.0
脂,化学,Undirected,23068,,1.0
单倍体,制备,Undirected,21511,,1.0
培养基,RNA,Undirected,21512,,1.0
培养基,酸性,Undirected,23359,,1.0
培养基,剂量,Undirected,21802,,1.0
培养基,乙酸盐,Undirected,22690,,1.0
嵌合体,蛋白质,Undirected,21514,,1.0
嵌合体,荧光,Undirected,23360,,1.0
嵌合体,嵌合,Undirected,23133,,2.0
核磁共振成像,分子,Undirected,21518,,2.0
胶质,培养基,Undirected,21827,,1.0
胶质,氨基丁酸,Undirected,23759,,1.0
胶质,膜片钳,Undirected,21916,,1.0
胶质,溶酶体,Undirected,22722,,1.0
氨基丁酸,合成,Undirected,21953,,1.0
氨基丁酸,激素,Undirected,23124,,1.0
氨基丁酸,合酶,Undirected,21522,,1.0
钙离子,水,Undirected,21524,,1.0
钙离子,DNA,Undirected,21826,,2.0
钙离子,硅,Undirected,21774,,1.0
页岩气,水污染,Undirected,21528,,1.0
酯,过敏反应,Undirected,21530,,1.0
乳脂,葡萄糖,Undirected,23816,,1.0
多糖,蛋白质,Undirected,23172,,1.0
多糖,葡萄糖,Undirected,23331,,1.0
多糖,活性氧,Undirected,22351,,1.0
钡,核磁共振成像,Undirected,21534,,1.0
血清蛋白,酶,Undirected,21652,,1.0
血清蛋白,导管,Undirected,21535,,1.0
导管,脂蛋白,Undirected,22905,,1.0
钼,玻璃,Undirected,22537,,1.0
氙气,氧化,Undirected,21539,,1.0
阴离子,合成,Undirected,22401,,1.0
阴离子,氧气,Undirected,21541,,1.0
热效应,吸收的能量,Undirected,21544,,1.0
勒克斯,镉黄,Undirected,21546,,1.0
单线态氧,活化,Undirected,21547,,1.0
焦化,无机颜料,Undirected,21548,,1.0
氧化铅,铅白,Undirected,21549,,1.0
光活化,能量,Undirected,21551,,1.0
可燃物,玻璃,Undirected,21553,,1.0
可燃物,有机过氧化物,Undirected,23450,,1.0
免疫吸附,灵敏度,Undirected,21557,,1.0
螺旋体,荧光,Undirected,22620,,1.0
电池,温度计,Undirected,23419,,1.0
电池,试剂,Undirected,21559,,1.0
电池,铀,Undirected,23025,,2.0
电池,气流,Undirected,22256,,1.0
绝对零度,化学键,Undirected,21561,,1.0
金沙石,天然,Undirected,21563,,1.0
玄武岩,钙,Undirected,21564,,1.0
玄武岩,岩石地球化学,Undirected,22459,,1.0
金属离子,折射率,Undirected,21966,,1.0
金属离子,硫酸镍,Undirected,22578,,1.0
硅酸盐,衍射,Undirected,21569,,1.0
硅酸盐,陶瓷,Undirected,22408,,1.0
硅酸盐,介电常数,Undirected,22310,,1.0
衍射,化学,Undirected,21751,,1.0
铜,钾,Undirected,21761,,1.0
铜,铁磁性,Undirected,23433,,1.0
化学式,激素,Undirected,22520,,1.0
化学式,蛋白石,Undirected,21574,,1.0
宝石,焰色反应,Undirected,22579,,1.0
宝石,离子晶体,Undirected,21575,,1.0
宝石,银,Undirected,21734,,2.0
杂质,脂肪,Undirected,23517,,1.0
杂质,分解,Undirected,23287,,1.0
杂质,气体,Undirected,23891,,1.0
杂质,介质,Undirected,22281,,1.0
杂质,钠长石,Undirected,21576,,1.0
杂质,铬,Undirected,21780,,3.0
杂质,合成酶,Undirected,21938,,1.0
杂质,糖原合酶,Undirected,22902,,1.0
杂质,甲基氯异噻唑啉酮,Undirected,23346,,1.0
熔岩,水分,Undirected,21718,,1.0
熔岩,钙,Undirected,22300,,1.0
熔岩,线粒体,Undirected,22216,,1.0
富集,分子,Undirected,21735,,1.0
富集,氧化,Undirected,22316,,1.0
富集,化学,Undirected,22135,,1.0
富集,衍射,Undirected,23191,,1.0
富集,脂多糖,Undirected,23169,,1.0
火山灰,DNA,Undirected,22214,,1.0
火山灰,化学,Undirected,22317,,1.0
火山灰,能源,Undirected,22184,,1.0
火山灰,玄武岩,Undirected,22966,,1.0
火山灰,核融合,Undirected,21584,,1.0
火山灰,层状结构,Undirected,22774,,1.0
核融合,能源,Undirected,23021,,1.0
二氧化硫,温室效应,Undirected,21585,,1.0
二氧化硫,空气质量,Undirected,23106,,1.0
温室效应,燃料,Undirected,23749,,1.0
温室效应,硫化氢,Undirected,22624,,1.0
熔融,气体,Undirected,21840,,1.0
熔融,甲烷,Undirected,21872,,1.0
熔融,取样,Undirected,23856,,1.0
熔融,熔融状态,Undirected,22290,,1.0
碳循环,相互作用,Undirected,23090,,1.0
碳循环,PH,Undirected,21587,,1.0
冷室,含量,Undirected,21589,,1.0
火成岩,甲烷,Undirected,21590,,1.0
火成岩,铝,Undirected,22308,,1.0
火成岩,水溶性,Undirected,22322,,1.0
负电荷,相互作用,Undirected,21830,,1.0
负电荷,碳纳米管,Undirected,23710,,1.0
负电荷,抗生素,Undirected,22834,,1.0
化学气相沉积,锂,Undirected,21596,,1.0
锂,质子,Undirected,21822,,1.0
锂,能源,Undirected,22252,,1.0
锂,磷酸盐,Undirected,22892,,1.0
氢离子,糖,Undirected,23813,,1.0
氢离子,电解液,Undirected,21597,,1.0
镍氢电池,铝离子,Undirected,21598,,1.0
可逆反应,风能,Undirected,21600,,1.0
镍镉电池,原电池,Undirected,21601,,1.0
原电池,锡,Undirected,22738,,1.0
二氧化铅,氟,Undirected,21602,,1.0
阴极,氧化,Undirected,21603,,1.0
阴极,量子化,Undirected,23424,,1.0
电子流,有机盐,Undirected,21605,,1.0
还原反应,添加剂,Undirected,21606,,1.0
还原反应,合金,Undirected,22743,,1.0
锂电池,电池,Undirected,22554,,2.0
锂电池,元素周期表,Undirected,21608,,1.0
元素周期表,钠,Undirected,22871,,1.0
元素周期表,富集,Undirected,21859,,1.0
氧化反应,大分子,Undirected,22424,,1.0
氧化反应,钾,Undirected,23367,,1.0
氧化反应,电池,Undirected,21609,,1.0
氧化反应,催产素,Undirected,22370,,1.0
负极,电极材料,Undirected,21610,,1.0
电极材料,聚苯乙烯,Undirected,22555,,1.0
蓄电池,镍,Undirected,21612,,1.0
稀硫酸,化学家,Undirected,21615,,1.0
热解,钴酸,Undirected,21617,,1.0
热解,纯度,Undirected,21642,,1.0
氧化还原反应,二氧化碳,Undirected,23102,,1.0
氧化还原反应,高分子,Undirected,23698,,1.0
氧化还原反应,正极,Undirected,21618,,1.0
氧化还原反应,氧化锌,Undirected,22580,,1.0
原子量,电子,Undirected,21619,,1.0
铅酸,聚合物,Undirected,21620,,1.0
聚合物,相互作用,Undirected,22094,,1.0
聚合物,蛋白质,Undirected,21728,,1.0
聚合物,太阳能,Undirected,22255,,1.0
有机溶剂,能量,Undirected,21621,,1.0
有机溶剂,疏水,Undirected,22866,,1.0
精炼,神经递质,Undirected,21834,,1.0
精炼,矿物,Undirected,22867,,1.0
精炼,过敏反应,Undirected,22933,,1.0
精炼,可燃气体,Undirected,21622,,1.0
精炼,苯扎溴铵,Undirected,21801,,1.0
汽油,加热,Undirected,21623,,1.0
挥发物,燃料,Undirected,21624,,1.0
瓦斯,天然气,Undirected,21626,,1.0
石油,氢,Undirected,21627,,1.0
石油,能源,Undirected,23460,,2.0
热力学,气化,Undirected,21629,,1.0
热力学,等价,Undirected,23630,,1.0
铸铁,化石燃料,Undirected,21630,,1.0
半导体,能源,Undirected,21720,,1.0
灰泥,电池,Undirected,21633,,1.0
矿石,乙醇,Undirected,22147,,1.0
矿石,酸性,Undirected,21890,,1.0
矿石,热量,Undirected,21635,,1.0
矿石,矿物,Undirected,21869,,1.0
石灰水,碳化,Undirected,21636,,1.0
碳化,乙醇,Undirected,23737,,1.0
碳化,墨水,Undirected,22775,,1.0
生铁,化肥,Undirected,21639,,1.0
水槽,化学,Undirected,23125,,1.0
水槽,水污染,Undirected,22487,,1.0
水槽,煤,Undirected,21641,,1.0
煤,燃烧,Undirected,23790,,1.0
煤,柴油,Undirected,22273,,1.0
纯度,二氧化碳,Undirected,23890,,1.0
纯度,抗生素,Undirected,21984,,1.0
纯度,反应混合物,Undirected,21937,,1.0
纯度,镭,Undirected,23031,,1.0
炉煤气,杂质,Undirected,21643,,1.0
共显性,DNA,Undirected,21648,,1.0
细胞酶,溶液,Undirected,21650,,1.0
凝集,多态性,Undirected,21651,,1.0
多态性,合成,Undirected,22003,,1.0
稀土,蛋白质,Undirected,21656,,1.0
莫氏硬度,碳化钨,Undirected,21657,,1.0
莫氏硬度,锰,Undirected,22530,,1.0
波尔,碳,Undirected,22553,,1.0
离子化,能量,Undirected,21659,,1.0
白蛋白,脂肪,Undirected,21666,,2.0
白蛋白,神经胶质,Undirected,22723,,1.0
甲状腺激素,玻璃,Undirected,21667,,1.0
泡沫灭火器,溶液,Undirected,21668,,1.0
肾上腺皮质激素,溶菌酶,Undirected,21671,,1.0
表面活性剂,营养,Undirected,21679,,1.0
表面活性剂,添加剂,Undirected,22542,,1.0
表面活性剂,分子动力学,Undirected,23180,,1.0
酸性物质,氧化,Undirected,21682,,1.0
酸性物质,热学,Undirected,23819,,1.0
催化氧化,塑料,Undirected,21685,,1.0
不锈钢,复合物,Undirected,21686,,1.0
酸度,酸性,Undirected,21687,,1.0
酸度,金,Undirected,22321,,2.0
陶瓷,酸,Undirected,21689,,1.0
陶瓷,一氧化碳,Undirected,23423,,1.0
陶瓷,气锁,Undirected,22952,,1.0
铁离子,氧化反应,Undirected,21690,,1.0
橡胶,电子流,Undirected,23571,,1.0
核乳胶,氯原子,Undirected,21694,,1.0
四氯乙烯,氩,Undirected,21699,,1.0
铊,矿石,Undirected,23577,,1.0
干冰,固体,Undirected,23159,,1.0
干冰,直线加速器,Undirected,21703,,1.0
干冰,室温,Undirected,23412,,1.0
干冰,玉米淀粉,Undirected,22201,,1.0
干冰,异氰酸酯,Undirected,23691,,1.0
偏三甲苯,能量,Undirected,21706,,1.0
氯酸盐,含量,Undirected,21707,,1.0
铵盐,天然,Undirected,21708,,1.0
季铵,脂肪酸酯,Undirected,21808,,1.0
夏普利斯,电子,Undirected,21713,,1.0
熔化,脂肪,Undirected,23151,,1.0
熔化,试管,Undirected,22814,,1.0
熔化,环境温度,Undirected,21715,,1.0
熔化,银,Undirected,22538,,1.0
环境温度,电池,Undirected,21992,,1.0
苯环,粘着蛋白,Undirected,21721,,1.0
左旋多巴,羟基,Undirected,21722,,1.0
羟基,氧,Undirected,22234,,1.0
羟基,油脂,Undirected,23820,,1.0
化学组成,过滤,Undirected,21725,,1.0
化学组成,胰岛素,Undirected,23060,,1.0
化学组成,成分,Undirected,22759,,1.0
化学组成,势垒,Undirected,22236,,1.0
扩张血管,多巴胺,Undirected,21727,,1.0
肌动蛋白,肌纤维,Undirected,22917,,1.0
银,能量,Undirected,23411,,1.0
银,硫酸,Undirected,22436,,1.0
食用色素,芥子油,Undirected,21736,,1.0
电位,金属丝,Undirected,22448,,1.0
异硫氰酸烯丙酯,异硫氰酸酯,Undirected,21740,,1.0
亚硝酸盐,含量,Undirected,21744,,1.0
水浴,纤维素,Undirected,22672,,1.0
水浴,硝酸盐,Undirected,21749,,1.0
黄烷,营养,Undirected,21756,,1.0
锆,含量,Undirected,21893,,1.0
锆,钍,Undirected,21763,,1.0
钕,熔岩,Undirected,21766,,1.0
裂变,原子弹,Undirected,23019,,1.0
裂变,碳,Undirected,23776,,1.0
精细结构,精度,Undirected,23305,,1.0
精细结构,水,Undirected,22304,,1.0
精细结构,取样,Undirected,21771,,1.0
精细结构,构象,Undirected,23826,,1.0
标定,核聚变,Undirected,21776,,1.0
铬,生物碱,Undirected,23375,,1.0
锶,磷,Undirected,21782,,1.0
硅氧四面体,玄武岩,Undirected,21783,,1.0
硅氧四面体,赤铁矿,Undirected,21877,,1.0
聚氯乙烯,塑料,Undirected,21787,,1.0
热熔胶,放电,Undirected,21788,,1.0
焊接,PH,Undirected,21789,,1.0
热电偶,比热容,Undirected,21792,,1.0
比热容,火棉,Undirected,22198,,1.0
二倍体,甲基化,Undirected,21797,,1.0
方向性,化工厂,Undirected,21798,,1.0
癸基,游离,Undirected,21804,,1.0
臭氧,氧气,Undirected,23202,,1.0
臭氧,氯原子,Undirected,21809,,1.0
氯化铵,燃烧,Undirected,23694,,1.0
氯化铵,酯,Undirected,21810,,1.0
氯化铵,锰,Undirected,23217,,1.0
碱类,氯,Undirected,21811,,1.0
碱类,可燃气体,Undirected,23453,,1.0
氯铵,漂白粉,Undirected,21812,,1.0
残留物,稳定同位素,Undirected,22121,,1.0
残留物,微克,Undirected,21813,,1.0
不饱和,铵盐,Undirected,21815,,1.0
不饱和,分析化学,Undirected,23049,,1.0
苯,碘化物,Undirected,21819,,1.0
正电荷,分子,Undirected,21825,,1.0
正电荷,胰岛素,Undirected,22831,,1.0
培养皿,气体,Undirected,21908,,1.0
培养皿,大分子,Undirected,23786,,1.0
培养皿,着床,Undirected,21828,,1.0
培养皿,高分子聚合物,Undirected,23846,,1.0
培养皿,肌纤维,Undirected,23403,,1.0
培养皿,抑制素,Undirected,23134,,1.0
铜绿,溶液,Undirected,21832,,1.0
花青素,分子,Undirected,21841,,1.0
花青素,果糖,Undirected,23350,,1.0
花青素,谷胱甘肽过氧化物酶,Undirected,23374,,1.0
烯醇,衍射,Undirected,21844,,1.0
虾红素,游离,Undirected,21845,,1.0
甲壳蓝蛋白,光谱,Undirected,21846,,1.0
烯醇式,胡萝卜素,Undirected,21847,,1.0
异构体,羟基酮,Undirected,21848,,1.0
有机化学,蛋白质,Undirected,21850,,1.0
有机化学,气流,Undirected,22278,,1.0
尖晶石,钙,Undirected,21857,,1.0
球粒陨石,富集,Undirected,23853,,1.0
碳链,价态,Undirected,21861,,1.0
价态,氧化剂,Undirected,23225,,1.0
辉石,氮,Undirected,21863,,1.0
四面体,磁铁矿,Undirected,21865,,1.0
石榴石,化学式,Undirected,21871,,1.0
边界层,水,Undirected,22701,,1.0
阳离子,精度,Undirected,23657,,1.0
阳离子,波长,Undirected,22403,,1.0
阳离子,硅酸盐,Undirected,21876,,1.0
有机材料,酮类,Undirected,21879,,1.0
废水,碳酸锌,Undirected,21884,,1.0
废水,荧光增白剂,Undirected,22488,,1.0
含硫量,成分,Undirected,21885,,1.0
砷,蛋白质,Undirected,21980,,1.0
砷,微量元素,Undirected,22873,,1.0
砷,有机磷,Undirected,22993,,1.0
砷,生理化学,Undirected,23808,,1.0
粉尘,微克,Undirected,21888,,1.0
粉尘,酸雨,Undirected,22961,,1.0
尾矿,镉,Undirected,21889,,1.0
镉,含量,Undirected,22136,,1.0
镉,镍,Undirected,23370,,1.0
镉,核裂变,Undirected,23779,,1.0
分析化学,硫,Undirected,21891,,1.0
近红外光谱,光谱,Undirected,22294,,1.0
测量精度,岩浆,Undirected,21904,,1.0
耗氧量,环境温度,Undirected,21907,,1.0
酸碱度,加热,Undirected,23440,,1.0
酸碱度,黏土,Undirected,21909,,1.0
酸碱度,茶多酚,Undirected,21939,,1.0
黏土,二氧化硅,Undirected,22969,,1.0
滤纸,水分,Undirected,21911,,1.0
青铜,天然,Undirected,21914,,1.0
青铜,二倍体,Undirected,22180,,1.0
青铜,焚烧,Undirected,23263,,1.0
复合体,蛋白质,Undirected,22404,,1.0
复合体,转录,Undirected,23825,,1.0
复合体,化学,Undirected,22644,,1.0
质谱分析,色素,Undirected,22127,,1.0
质谱分析,分子化合物,Undirected,21918,,1.0
质谱分析,燧石,Undirected,22140,,1.0
活性氧簇,缺失突变,Undirected,21920,,1.0
戊糖磷酸途径,营养,Undirected,21921,,1.0
有机合成,X射线,Undirected,22564,,1.0
有机合成,化学家,Undirected,21926,,2.0
离子交换,反应器,Undirected,21928,,1.0
反应器,电脉冲,Undirected,22071,,1.0
谷氨酰胺,铵离子,Undirected,21931,,1.0
谷氨酸,左旋,Undirected,21936,,1.0
谷氨酸,金属离子,Undirected,22801,,1.0
合成酶,转录,Undirected,22449,,1.0
合成酶,红外,Undirected,22412,,1.0
磷酸盐,脱水,Undirected,21944,,1.0
磷酸盐,抗菌肽,Undirected,22832,,1.0
红藻氨酸,DNA,Undirected,22176,,1.0
红藻氨酸,激素,Undirected,21951,,1.0
荷尔蒙,合成,Undirected,22521,,1.0
荷尔蒙,神经递质,Undirected,23126,,1.0
荷尔蒙,产率,Undirected,23402,,1.0
神经化学,催产素,Undirected,21955,,1.0
狄拉克,分解,Undirected,23562,,1.0
狄拉克,多态性,Undirected,21957,,1.0
正向突变,波尔,Undirected,21958,,1.0
标准差,多元分析,Undirected,21959,,1.0
标准差,正态分布,Undirected,22883,,1.0
单核苷酸,特异性,Undirected,22008,,1.0
单核苷酸,正态分布,Undirected,21960,,1.0
升华,气态,Undirected,21964,,1.0
升华,水溶液,Undirected,22576,,1.0
升华,催产素,Undirected,22099,,1.0
珠光颜料,有机物,Undirected,21968,,1.0
二氧化钛,酯,Undirected,21970,,1.0
胂凡纳明,氧化砷,Undirected,21977,,1.0
青霉素,蛋白质,Undirected,22927,,2.0
青霉素,汞,Undirected,22995,,1.0
青霉素,液体,Undirected,23398,,1.0
青霉素,制备,Undirected,21978,,1.0
三氧化二砷,矿石,Undirected,21981,,1.0
维甲酸,核酸,Undirected,21982,,1.0
有机砷,提纯,Undirected,21983,,1.0
作用机理,螺旋体,Undirected,21985,,1.0
芦荟素,丙硫氧嘧啶,Undirected,21987,,1.0
化工制品,苦精,Undirected,21988,,1.0
糖精,蛋白质,Undirected,23521,,1.0
电子碰撞,分解,Undirected,21996,,1.0
物理量,水泥,Undirected,21999,,1.0
氧合酶,香豆素,Undirected,22001,,1.0
香豆素,合成,Undirected,23616,,1.0
香豆素,含量,Undirected,23602,,1.0
环氧化物,拮抗剂,Undirected,22005,,1.0
前列腺素,线粒体,Undirected,22782,,1.0
前列腺素,腺苷,Undirected,22007,,1.0
水杨苷,成分,Undirected,22010,,1.0
凝血因子,醋,Undirected,22012,,1.0
烯酸,海洛因,Undirected,22015,,1.0
亚油酸,甲苯磺丁脲,Undirected,22016,,1.0
亚油酸,柠檬酸,Undirected,23818,,1.0
维生素K1,乙酰化,Undirected,22017,,1.0
还原酶,草履虫,Undirected,23062,,1.0
还原酶,维生素K,Undirected,22019,,1.0
诱导酶,左旋,Undirected,22021,,1.0
卡介苗,抗生素,Undirected,22027,,1.0
乳糖,金,Undirected,23337,,1.0
乳糖,气流,Undirected,22086,,1.0
秋水仙碱,作用机理,Undirected,22031,,1.0
类毒素,剂量,Undirected,22032,,1.0
草酸钙,成分,Undirected,22034,,1.0
草酸钙,氨基酸,Undirected,23615,,1.0
草酸钙,导管,Undirected,22117,,1.0
糖甙,蓖麻毒,Undirected,22036,,1.0
蒸馏水,营养,Undirected,22047,,1.0
矿泉水,含量,Undirected,22048,,1.0
硬度,化学,Undirected,22671,,1.0
硬度,硬水,Undirected,22049,,1.0
硬度,硅胶球,Undirected,22091,,1.0
硬度,夸克,Undirected,22510,,1.0
软水,水硬度,Undirected,22053,,1.0
盐矿,天然,Undirected,22868,,2.0
当量,椰子油,Undirected,23052,,1.0
半衰期,核能,Undirected,22057,,1.0
断层扫描,液体,Undirected,22059,,1.0
断层扫描,离心管,Undirected,23275,,1.0
脑脊液,糖类,Undirected,22060,,1.0
脑脊液,天冬氨酸,Undirected,23597,,1.0
无机盐,蛋白质,Undirected,22061,,1.0
卟啉,色素,Undirected,22067,,1.0
去垢剂,胶原,Undirected,22072,,1.0
生物合成,合成,Undirected,22981,,1.0
生物合成,二氧化碳,Undirected,23538,,1.0
试纸,抗生素,Undirected,22081,,1.0
分光光度计,半乳糖,Undirected,22082,,1.0
半乳糖,乙基,Undirected,23128,,1.0
半乳糖,龙胆二糖,Undirected,23330,,1.0
琥珀,蛋白质,Undirected,22095,,1.0
琥珀,去氧血红蛋白,Undirected,22990,,1.0
蜡,粒子,Undirected,22100,,1.0
蜡质,合成,Undirected,22752,,2.0
蜡质,石灰石,Undirected,22141,,1.0
偏酸,过滤,Undirected,22992,,1.0
辐射热,天然,Undirected,22104,,1.0
二甲基砜,成分,Undirected,22111,,1.0
硫醚,单核苷酸,Undirected,22113,,1.0
植物凝集素,生物碱,Undirected,22116,,1.0
疏水,物理性质,Undirected,22119,,1.0
疏水,反应混合物,Undirected,23286,,1.0
疏水,酿造,Undirected,22887,,1.0
疏水,亚硫酸钠,Undirected,22547,,1.0
周期表,固体,Undirected,22120,,1.0
纤维结构,水蒸汽,Undirected,22126,,1.0
丰度,胶原,Undirected,22129,,1.0
介子,焚烧,Undirected,22133,,1.0
桉树脑,酿造,Undirected,22142,,1.0
酿造,乙醇,Undirected,23324,,1.0
酿造,荧光,Undirected,23136,,1.0
甲氧基,干燥,Undirected,22143,,1.0
肥料,糖,Undirected,23802,,1.0
肥料,能量,Undirected,23872,,1.0
肥料,发酵,Undirected,22144,,1.0
肥料,层状结构,Undirected,22320,,1.0
丹宁酸,组分,Undirected,22145,,1.0
黄酮醇,化学物质,Undirected,22149,,1.0
花岗岩,硫,Undirected,22150,,1.0
花岗岩,反应速度,Undirected,22916,,1.0
雄激素,光谱,Undirected,23059,,1.0
雄激素,糖皮质激素,Undirected,22156,,1.0
糖皮质激素,地塞米松,Undirected,23567,,1.0
混合气体,干燥,Undirected,22164,,1.0
噻菌灵,多酚类,Undirected,22170,,1.0
过氧化物酶,气体,Undirected,22172,,1.0
过氧化物酶,锌,Undirected,22350,,1.0
侵染,天然,Undirected,22835,,1.0
侵染,溶液,Undirected,22173,,1.0
碱性染料,干燥,Undirected,22181,,1.0
粘度,酯,Undirected,23743,,1.0
粘度,汽油,Undirected,22189,,1.0
粘度,琥珀,Undirected,22499,,1.0
肥皂泡,制备,Undirected,22194,,1.0
易燃物,室温,Undirected,22197,,1.0
易燃物,燃烧反应,Undirected,22819,,1.0
易燃物,氨基甲酸酯,Undirected,23682,,1.0
白雾,电势差,Undirected,22199,,1.0
引火物,极化,Undirected,22200,,1.0
玉米淀粉,营养,Undirected,23871,,1.0
绝热过程,气体燃料,Undirected,22204,,1.0
甲硫醚,电池,Undirected,22210,,1.0
硫化氢,岩浆,Undirected,22967,,1.0
产乙酸菌,维生素,Undirected,22213,,1.0
大气污染,PM2.5,Undirected,22678,,1.0
大气污染,臭氧,Undirected,22217,,1.0
大气污染,甲硫醇,Undirected,22716,,1.0
大气污染,天体化学,Undirected,22464,,1.0
二氧化氮,糖类,Undirected,22830,,1.0
天体化学家,合成,Undirected,22219,,1.0
化学变化,甲醛,Undirected,22220,,1.0
碳氢化合物,一氧化碳,Undirected,22222,,1.0
光谱线,DNA,Undirected,22230,,1.0
反应速度,甲基化,Undirected,22332,,1.0
反应速度,多巴胺,Undirected,23384,,1.0
反应速度,聚合物,Undirected,22385,,1.0
反应速度,色氨酸,Undirected,22953,,1.0
氰化物,酸,Undirected,22240,,1.0
氰化物,铁离子,Undirected,23231,,1.0
亚硝酸,剂量,Undirected,22247,,1.0
二嗪农,酶,Undirected,22251,,1.0
绝热材料,动力学,Undirected,22253,,1.0
干点,电子,Undirected,22254,,1.0
高血糖素,甜味剂,Undirected,22259,,1.0
酪氨酸,苯丙酮尿症,Undirected,22260,,1.0
琼脂平板,能量,Undirected,22262,,1.0
金属腐蚀,液体,Undirected,22742,,1.0
金属腐蚀,汽油,Undirected,22264,,1.0
冷却塔,二氧化硫,Undirected,22267,,1.0
酸性气体,粉尘,Undirected,22269,,1.0
氮氧化物,挥发性,Undirected,22271,,1.0
柴油,二氧化碳,Undirected,23783,,1.0
柴油,废气,Undirected,23203,,1.0
燃烧产物,燃烧,Undirected,22274,,2.0
固相,液态,Undirected,22282,,1.0
重力势,碳,Undirected,22285,,1.0
均一性,铝,Undirected,22289,,1.0
熔融状态,燃烧,Undirected,22826,,1.0
液相,固态,Undirected,22291,,1.0
红柱石,化学成分,Undirected,22292,,1.0
谱线,红外,Undirected,22295,,1.0
连锁反应,热量,Undirected,22889,,1.0
连锁反应,宝石,Undirected,23745,,1.0
均质性,矿物,Undirected,22307,,1.0
临界点,蛋白质,Undirected,22311,,1.0
临界点,蜡烛,Undirected,23768,,1.0
血凝素,酶,Undirected,23382,,1.0
血凝素,氨基酸,Undirected,22312,,1.0
水溶性,核磁共振,Undirected,22984,,1.0
沉积环境,二氧化碳,Undirected,22323,,1.0
空白对照,干冰,Undirected,23502,,1.0
香叶基丙酮,溶液,Undirected,22328,,1.0
棕榈酸,气流,Undirected,22330,,1.0
椰子油,热量,Undirected,22334,,1.0
淀粉粒,糖,Undirected,22338,,1.0
淀粉粒,加热,Undirected,23349,,1.0
氢键,能量,Undirected,22339,,1.0
糊化,淀粉,Undirected,23348,,1.0
糊化,吸收的能量,Undirected,22340,,1.0
光分解,能量,Undirected,22789,,1.0
螯合,水解酶,Undirected,22355,,1.0
蛋白酶体,阳离子,Undirected,22358,,1.0
等离子体,组分,Undirected,23558,,1.0
等离子体,热量,Undirected,23026,,1.0
等离子体,电子,Undirected,22440,,1.0
最外层,大分子,Undirected,23640,,1.0
最外层,电离层,Undirected,22365,,1.0
电离层,测量精度,Undirected,23797,,1.0
雌二醇,氨基酸,Undirected,22374,,1.0
阻聚剂,热压,Undirected,22376,,1.0
环氧树脂,瓷器,Undirected,23611,,1.0
立体结构,基团,Undirected,22382,,1.0
天平,雌激素,Undirected,22394,,1.0
地西泮,分子,Undirected,22397,,1.0
膜电位,实验设计,Undirected,22402,,1.0
实验设计,热量,Undirected,22594,,1.0
单糖,二糖,Undirected,22405,,1.0
单糖,多羟基酮,Undirected,23340,,1.0
材料科学与工程,合成,Undirected,22407,,1.0
化学纯,RNA,Undirected,22410,,1.0
石油化学,天然染料,Undirected,22414,,1.0
角蛋白,合成,Undirected,22415,,2.0
色盘,电子,Undirected,22416,,1.0
靛蓝,天然,Undirected,22417,,1.0
对苯二胺,蛋白质,Undirected,22425,,1.0
硫化铅,铅,Undirected,22427,,1.0
苯胺紫,阻燃剂,Undirected,22429,,1.0
阻燃剂,可燃物,Undirected,23687,,1.0
漂白剂,塑料,Undirected,22434,,1.0
夸克,质子,Undirected,22439,,1.0
材料科学,回旋加速器,Undirected,22446,,1.0
费希尔,放电,Undirected,22447,,1.0
氧化活性,脂类代谢,Undirected,22450,,1.0
杆菌肽,营养,Undirected,22452,,1.0
离子载体,抗生素,Undirected,22453,,1.0
相关系数,DNA,Undirected,22853,,1.0
相关系数,PM2.5,Undirected,22457,,1.0
空气质量,化学,Undirected,22460,,1.0
空气质量,氮气,Undirected,23269,,1.0
纤维材料,营养,Undirected,22462,,1.0
纤维材料,沸石,Undirected,23472,,1.0
火山岩,岩浆,Undirected,23091,,1.0
油气,量子,Undirected,22467,,1.0
模型研究,多巴胺,Undirected,22470,,1.0
乙烷,液态,Undirected,23250,,1.0
分子动力学,化学工程,Undirected,22479,,1.0
热塑性塑料,丙烯腈,Undirected,22482,,1.0
氮化合物,氯,Undirected,23601,,1.0
氮化合物,化学工程师,Undirected,22483,,1.0
刺激性气体,水,Undirected,22493,,1.0
颗粒度,相对丰度,Undirected,22498,,1.0
各向同性,胶子,Undirected,22506,,1.0
磁铁,分子,Undirected,22884,,1.0
合成香料,水,Undirected,22517,,1.0
空气硬化,陶瓷,Undirected,22526,,1.0
自然冷却,基体,Undirected,22532,,1.0
复合材料,合金,Undirected,22533,,1.0
退火,低碳钢,Undirected,22536,,1.0
胆汁酸,乙醇,Undirected,23877,,1.0
胆汁酸,油脂,Undirected,22539,,1.0
乳化,血糖,Undirected,22540,,1.0
乳化,脂肪,Undirected,23869,,1.0
渗透性,固体,Undirected,22544,,1.0
髓过氧化物酶,高分子聚合物,Undirected,22546,,1.0
稀有气体,粗盐,Undirected,22882,,1.0
过渡金属,电化学,Undirected,22559,,1.0
过溴酸盐,硅酸钠,Undirected,22560,,1.0
氯化铜,加热,Undirected,22562,,1.0
钴,单质,Undirected,22569,,1.0
焰色,铅,Undirected,22570,,1.0
铈,指示剂,Undirected,22572,,1.0
指示剂,乙醇,Undirected,23222,,1.0
亚铁离子,矿物质,Undirected,22876,,1.0
亚铁离子,硫酸铝钾,Undirected,22575,,1.0
碘化铅,铜,Undirected,22577,,1.0
硼酸三甲酯,硅酸盐,Undirected,22583,,1.0
赤霉素,剂量,Undirected,22588,,1.0
生物降解,水,Undirected,22590,,1.0
生物降解,硝基甲苯,Undirected,23174,,1.0
毒物学,苯胺,Undirected,22591,,1.0
材料工程,仿生材料,Undirected,22593,,1.0
凝血酶原,聚合,Undirected,22596,,1.0
荧光素酶,纤维蛋白,Undirected,22598,,1.0
纤维蛋白,天花粉蛋白,Undirected,22780,,1.0
肌纤维,相互作用,Undirected,22600,,1.0
精密仪器,矿物质,Undirected,22635,,1.0
东莨菪碱,干燥,Undirected,22991,,1.0
可卡因,神经递质,Undirected,23650,,1.0
可卡因,活性炭,Undirected,22894,,1.0
乙酰胺,放电,Undirected,22618,,1.0
固体燃料,氧气,Undirected,22638,,1.0
荧光物质,荧光,Undirected,22641,,1.0
卵黄,相互作用,Undirected,23183,,1.0
卵黄,水,Undirected,22907,,1.0
碳酸钙,蛋白质,Undirected,22649,,1.0
化学元素,气体,Undirected,22652,,1.0
化学元素,铱,Undirected,23859,,1.0
氖,氢,Undirected,22658,,1.0
热发光,升华,Undirected,23391,,1.0
旋转蒸发仪,化学性质,Undirected,22663,,1.0
焦糖,脂肪,Undirected,22665,,1.0
焦糖,化学家,Undirected,22730,,1.0
焦糖,丙酸乙酯,Undirected,23728,,1.0
离心分离,明胶,Undirected,22670,,1.0
结构模型,燃料,Undirected,22677,,1.0
醇,氧化剂,Undirected,22684,,1.0
鲁米诺,乙醇,Undirected,22685,,1.0
鲁米诺,二氧化碳,Undirected,23693,,1.0
辣根过氧化物酶,挥发,Undirected,22688,,1.0
电子传递链,氧,Undirected,23573,,1.0
丙酮,硫,Undirected,22697,,1.0
尾流,相互作用,Undirected,22703,,1.0
环境标准,有毒化学品,Undirected,22713,,1.0
LC50,化工厂,Undirected,22717,,1.0
重石脑油,海水,Undirected,22718,,1.0
肌红蛋白,胆红素,Undirected,22719,,1.0
酶活性,纤维蛋白,Undirected,23497,,1.0
相关分析,前体,Undirected,22725,,1.0
相对湿度,化学,Undirected,22731,,1.0
锡,有色金属,Undirected,23354,,1.0
氧化膜,电双层,Undirected,22741,,1.0
金属材料,铝,Undirected,22744,,1.0
铟,汞,Undirected,22745,,1.0
电场,燃料,Undirected,22747,,1.0
中性溶液,氧化铝,Undirected,22748,,1.0
原基,化学,Undirected,22751,,1.0
蒸腾作用,核苷酸,Undirected,22755,,1.0
化学分析,糖精,Undirected,23075,,1.0
甲吡酮,糖皮质激素,Undirected,22765,,1.0
同步加速器,碳,Undirected,22776,,1.0
鱼胆毒素,米非司酮,Undirected,22779,,1.0
河豚毒素,酸,Undirected,22781,,1.0
酸味食物,硫酸钠,Undirected,22792,,1.0
钾离子,焰色反应,Undirected,22809,,1.0
钾离子,溶液,Undirected,22793,,1.0
G蛋白偶联受体,特异性,Undirected,22794,,1.0
碳酸,化学,Undirected,22795,,1.0
碳酸,咖啡因,Undirected,22937,,1.0
一磷酸腺苷,细胞膜,Undirected,22797,,1.0
嘧啶,利尿剂,Undirected,22798,,1.0
利尿剂,高密度脂蛋白,Undirected,23314,,1.0
强酸,糖,Undirected,22800,,1.0
氯化汞,固态,Undirected,22808,,1.0
硝酸铜,单质,Undirected,22810,,1.0
碘酸根,碘酸钾,Undirected,22815,,1.0
硝酸,钾,Undirected,22817,,1.0
叠氮化钠,氯酸钾,Undirected,22824,,1.0
氯酸钾,多元醇,Undirected,23690,,1.0
氧化锂,离子浓度,Undirected,22828,,1.0
苏木精,碳端,Undirected,22836,,1.0
肽链,天然,Undirected,22841,,1.0
天然氨基酸,RNA,Undirected,22844,,1.0
曲霉毒素,制备,Undirected,22846,,1.0
加强免疫,试剂,Undirected,22847,,1.0
浸润,原子,Undirected,23431,,1.0
浸润,化学,Undirected,23119,,1.0
浸润,通风橱,Undirected,22862,,1.0
同素异形体,加热,Undirected,22863,,1.0
锑,折射率,Undirected,22864,,1.0
矿物元素,铝,Undirected,22877,,1.0
吸收率,汞,Undirected,22878,,1.0
精盐,化学元素,Undirected,22879,,1.0
海盐,糖类,Undirected,23744,,1.0
海盐,氰化物,Undirected,22881,,1.0
磷酸化,铅,Undirected,22898,,1.0
聚乙醛,柠檬酸,Undirected,22900,,1.0
甘油三酯,化学,Undirected,23282,,2.0
甘油三酯,抗凝剂,Undirected,22904,,1.0
甘油三酯,胃泌素,Undirected,23311,,1.0
硝基酚,加热,Undirected,22909,,1.0
氨基糖,链霉素,Undirected,22914,,1.0
肌球蛋白,相互作用力,Undirected,22915,,1.0
头孢菌素,噻唑,Undirected,22923,,1.0
组织胺,过敏反应,Undirected,22934,,1.0
变应原,特异性,Undirected,22935,,1.0
二价,脱髓鞘,Undirected,22945,,1.0
连续操作,鲍林,Undirected,22949,,1.0
神经激素,胆固醇,Undirected,22957,,1.0
核燃料,冶炼,Undirected,23775,,1.0
铍,含量,Undirected,22968,,1.0
营养素,蛋白质,Undirected,22976,,1.0
循环过程,水,Undirected,22977,,1.0
蒸干,水分,Undirected,23066,,1.0
蒸干,能量,Undirected,23653,,1.0
蒸干,化学过程,Undirected,22978,,1.0
核磁共振,相互作用,Undirected,23563,,1.0
莨菪碱,蜂毒,Undirected,22989,,1.0
磺胺,竞争性,Undirected,22999,,1.0
质谱联用仪,氧化,Undirected,23001,,1.0
合成化学,淀粉,Undirected,23007,,1.0
聚丙烯,分解,Undirected,23011,,1.0
谷氨酸钠,脂溶性,Undirected,23817,,1.0
掩蔽,半衰期,Undirected,23014,,1.0
减速剂,核聚变,Undirected,23015,,1.0
中子源,钚,Undirected,23018,,1.0
热电,二氧化硫,Undirected,23777,,1.0
热电,核燃料,Undirected,23020,,1.0
内啡肽,多巴胺,Undirected,23033,,1.0
多普勒效应,硅酸盐,Undirected,23034,,1.0
蜂蜡,陶器,Undirected,23039,,1.0
热稳定性,酮类,Undirected,23044,,1.0
丙烯醛,物质的量,Undirected,23045,,1.0
棕榈油,油脂,Undirected,23051,,1.0
双氢睾酮,雌激素,Undirected,23061,,1.0
孕激素,氧气,Undirected,23642,,1.0
化学武器,沙林,Undirected,23065,,1.0
冻干,合成,Undirected,23069,,1.0
冻干,免疫球蛋白,Undirected,23639,,1.0
道尔顿,DNA,Undirected,23835,,1.0
维生素B9,孕激素,Undirected,23512,,1.0
润湿,水,Undirected,23082,,1.0
嵌合,天然,Undirected,23085,,1.0
弱碱性,维生素,Undirected,23107,,1.0
聚沉,含量,Undirected,23108,,1.0
酸奶,糖,Undirected,23132,,1.0
干燥剂,溶液,Undirected,23140,,1.0
氯酸,分子,Undirected,23146,,1.0
高氯酸镁,二氧化碳,Undirected,23148,,1.0
柠檬酸钠,晶体,Undirected,23152,,1.0
藻酸钠,卵磷脂,Undirected,23154,,1.0
水浴锅,蛋白质,Undirected,23155,,1.0
水浴锅,固体,Undirected,23866,,1.0
内毒素,过敏反应,Undirected,23171,,1.0
可可脂,粘度,Undirected,23179,,1.0
半乳糖醛酸,羊毛,Undirected,23188,,1.0
碳酸钠,过氧化氢,Undirected,23195,,1.0
硫氰,氰化物,Undirected,23198,,1.0
引发反应,氧化还原,Undirected,23667,,1.0
引发反应,中间体,Undirected,23208,,1.0
中间体,醋,Undirected,23723,,1.0
稀溶液,易燃物,Undirected,23211,,1.0
氯化铁,葡萄糖,Undirected,23212,,1.0
高锰酸盐,化学,Undirected,23214,,1.0
氢氧化铜,熔化,Undirected,23215,,1.0
乙醇钠,醇类,Undirected,23216,,1.0
醇类,拉德,Undirected,23729,,1.0
配位化合物,硫氰化铁,Undirected,23219,,1.0
硫氰化钾,锌,Undirected,23220,,1.0
浓硫酸,氧气,Undirected,23223,,1.0
二氧化锰,二氧化碳,Undirected,23226,,1.0
锰酸盐,燃烧,Undirected,23227,,1.0
本生灯,氢气,Undirected,23228,,1.0
环丝氨酸,抗生素,Undirected,23232,,1.0
精密天平,氧,Undirected,23236,,1.0
乳糜,肠道病原体,Undirected,23252,,1.0
木聚糖,营养,Undirected,23254,,1.0
红玉,双螺旋,Undirected,23264,,1.0
木炭过滤器,二氧化碳,Undirected,23265,,1.0
隧道效应,气流,Undirected,23270,,1.0
油酸,溶液,Undirected,23280,,1.0
油酸,酯化,Undirected,23815,,1.0
油性,聚苯乙烯,Undirected,23590,,1.0
表面活性,水解,Undirected,23288,,1.0
辅助蛋白质,化学,Undirected,23291,,1.0
钡餐,醋,Undirected,23307,,1.0
甲氨蝶呤,三苯氧胺,Undirected,23308,,1.0
电子自旋共振,砾岩,Undirected,23319,,1.0
化学符号,族,Undirected,23322,,1.0
果糖,丙三醇,Undirected,23812,,1.0
果糖,糖脂,Undirected,23328,,1.0
缩合物,水,Undirected,23332,,1.0
原花色素,含量,Undirected,23351,,1.0
保护剂,成分,Undirected,23833,,1.0
硒,胡萝卜素,Undirected,23371,,1.0
神经氨酸,铁离子,Undirected,23383,,1.0
双盲试验,天然,Undirected,23387,,1.0
爆炸物,气体,Undirected,23392,,1.0
锈,氮,Undirected,23394,,1.0
共表达,基态,Undirected,23404,,1.0
氯漂白,水,Undirected,23417,,1.0
涡电流,分子,Undirected,23420,,1.0
标准大气压,化学,Undirected,23425,,1.0
感应电炉,不锈钢,Undirected,23427,,1.0
扫描隧道显微镜,液体,Undirected,23430,,1.0
感应加热,铝,Undirected,23432,,1.0
热加工,副产物,Undirected,23441,,1.0
氯化物,氧气,Undirected,23443,,1.0
液化气,氮气,Undirected,23452,,1.0
二硝基萘,成分,Undirected,23454,,1.0
酸碱,化学物质,Undirected,23456,,1.0
含碳量,水泥,Undirected,23464,,1.0
粘合剂,吸附剂,Undirected,23468,,1.0
化学平衡,能量,Undirected,23477,,1.0
胶原纤维,乳化,Undirected,23478,,1.0
水溶性维生素,醋,Undirected,23483,,1.0
渗透压,维生素B9,Undirected,23485,,1.0
泛酸,脂肪,Undirected,23487,,1.0
植物纤维,酸性物质,Undirected,23490,,1.0
布鲁诺,微克,Undirected,23495,,1.0
动物毒素,箭毒,Undirected,23496,,1.0
银环蛇毒素,成分,Undirected,23498,,1.0
乙酰胆碱受体,蛋白水解酶,Undirected,23500,,1.0
透明质酸,剂量,Undirected,23501,,1.0
狼疮抗凝物,肝素,Undirected,23511,,1.0
淀粉糊,水,Undirected,23519,,1.0
苯乙胺,苯乙酸,Undirected,23523,,1.0
加压素,化学,Undirected,23525,,1.0
加压素,石油,Undirected,23565,,1.0
性激素,催产素,Undirected,23527,,1.0
利尿激素,荷尔蒙,Undirected,23528,,1.0
利尿激素,催产素,Undirected,23564,,1.0
甲酯,丙酮,Undirected,23537,,1.0
循环衰竭,透析,Undirected,23539,,1.0
潜热,干冰,Undirected,23541,,1.0
水相,化学,Undirected,23542,,1.0
水相,过氧化铬,Undirected,23692,,1.0
碘化银,原子弹,Undirected,23547,,1.0
单加氧酶,麦草畏,Undirected,23553,,1.0
偶极子,生物降解,Undirected,23554,,1.0
热对流,钚,Undirected,23560,,1.0
硫酸硝酸,钠,Undirected,23572,,1.0
氰化钠,水,Undirected,23575,,1.0
硫代硫酸钠,酸,Undirected,23580,,1.0
全反射,波长,Undirected,23593,,1.0
多态现象,花柱异长,Undirected,23596,,1.0
天冬氨酸,大分子,Undirected,23733,,1.0
呋喃,核苷酸,Undirected,23727,,1.0
呋喃,DNA,Undirected,23609,,2.0
植酸酶,转录,Undirected,23627,,1.0
转座子,RNA,Undirected,23628,,1.0
熵,量子论,Undirected,23632,,1.0
量纲,量子,Undirected,23633,,1.0
单色,放射性同位素,Undirected,23656,,1.0
偏光,不锈钢,Undirected,23658,,1.0
尼龙,过滤,Undirected,23659,,1.0
近似值,晶体,Undirected,23664,,1.0
原子钟,晶胞,Undirected,23665,,1.0
甲酰肼,靛蓝,Undirected,23670,,1.0
氢氧化物,硫磺,Undirected,23672,,1.0
氢氧化物,干凝胶,Undirected,23711,,1.0
三价铬盐,过氧化氢,Undirected,23676,,1.0
酸性靛蓝,五氧化铬,Undirected,23681,,1.0
重铬酸钾,痕量,Undirected,23696,,1.0
高锰酐,七氧化二锰,Undirected,23699,,1.0
晶形,四面体,Undirected,23709,,1.0
均相成核,固体,Undirected,23714,,1.0
相干性,气溶胶,Undirected,23720,,1.0
杂环化合物,酯化反应,Undirected,23722,,1.0
酯化,酸奶,Undirected,23726,,1.0
谷氨酸盐,酪氨酸,Undirected,23732,,1.0
邻氨基苯甲酸甲酯,发酵,Undirected,23735,,1.0
异戊酯,淀粉,Undirected,23736,,1.0
还原糖,盐,Undirected,23738,,1.0
最佳反应温度,乙酰,Undirected,23739,,1.0
烯丙酯,白糖,Undirected,23741,,1.0
吸收强度,甲烷,Undirected,23754,,1.0
粗纤维,营养,Undirected,23771,,1.0
辐射剂量,核能,Undirected,23780,,1.0
放射性废物,能量,Undirected,23785,,1.0
空心砖,碳环,Undirected,23792,,1.0
产甲烷菌,加热,Undirected,23800,,1.0
纤维状蛋白,大分子,Undirected,23824,,1.0
比表面积,再生资源,Undirected,23832,,1.0
顺位,DNA,Undirected,23841,,1.0
锇,含量,Undirected,23851,,1.0
钌,燃料,Undirected,23852,,1.0
热膨胀,加热,Undirected,23863,,1.0
蛋白胶,胰岛素,Undirected,23875,,1.0
合成物,分解,Undirected,23878,,1.0
原子束,氨基酸,Undirected,23892,,1.0
